id,contractId,bookedAt,passengers,channel,status,airRevenue,source
BK-TC-01001-001,TC-01001,2026-04-07,1,Retail,Confirmed,990,Simulated booking
BK-TC-01001-002,TC-01001,2026-09-29,1,Trade,Confirmed,990,Simulated booking
BK-TC-01001-003,TC-01001,2026-07-02,1,Online,Confirmed,990,Simulated booking
BK-TC-01001-004,TC-01001,2026-04-23,1,Retail,Confirmed,990,Simulated booking
BK-TC-01001-005,TC-01001,2026-07-12,1,Retail,Confirmed,990,Simulated booking
BK-TC-01001-006,TC-01001,2026-04-25,1,Online,Confirmed,990,Simulated booking
BK-TC-01001-007,TC-01001,2026-10-09,1,Online,Confirmed,990,Simulated booking
BK-TC-01001-008,TC-01001,2026-09-19,1,Retail,Confirmed,990,Simulated booking
BK-TC-01001-009,TC-01001,2026-07-20,1,Online,Confirmed,990,Simulated booking
BK-TC-01001-010,TC-01001,2026-10-08,1,Online,Confirmed,990,Simulated booking
BK-TC-01001-011,TC-01001,2026-09-19,1,Online,Confirmed,990,Simulated booking
BK-TC-01001-012,TC-01001,2026-08-05,1,Retail,Confirmed,990,Simulated booking
BK-TC-01001-013,TC-01001,2026-07-16,1,Online,Confirmed,990,Simulated booking
BK-TC-01001-014,TC-01001,2026-09-12,1,Online,Confirmed,990,Simulated booking
BK-TC-01001-015,TC-01001,2026-06-05,1,Retail,Confirmed,990,Simulated booking
BK-TC-01001-016,TC-01001,2026-05-07,1,Trade,Confirmed,990,Simulated booking
BK-TC-01001-017,TC-01001,2026-06-27,1,Trade,Confirmed,990,Simulated booking
BK-TC-01001-018,TC-01001,2026-09-11,1,Trade,Confirmed,990,Simulated booking
BK-TC-01001-019,TC-01001,2026-06-21,1,Online,Confirmed,990,Simulated booking
BK-TC-01001-020,TC-01001,2026-04-09,1,Online,Confirmed,990,Simulated booking
BK-TC-01001-021,TC-01001,2026-09-02,1,Retail,Confirmed,990,Simulated booking
BK-TC-01001-022,TC-01001,2026-06-25,1,Trade,Confirmed,990,Simulated booking
BK-TC-01001-023,TC-01001,2026-05-28,1,Online,Confirmed,990,Simulated booking
BK-TC-01001-024,TC-01001,2026-05-08,1,Online,Confirmed,990,Simulated booking
BK-TC-01001-025,TC-01001,2026-04-25,1,Online,Confirmed,990,Simulated booking
BK-TC-01002-001,TC-01002,2026-08-30,1,Online,Confirmed,990,Simulated booking
BK-TC-01002-002,TC-01002,2026-08-21,1,Retail,Confirmed,990,Simulated booking
BK-TC-01002-003,TC-01002,2026-05-09,1,Retail,Confirmed,990,Simulated booking
BK-TC-01002-004,TC-01002,2026-05-30,1,Trade,Confirmed,990,Simulated booking
BK-TC-01002-005,TC-01002,2026-09-08,1,Trade,Confirmed,990,Simulated booking
BK-TC-01002-006,TC-01002,2026-06-29,1,Online,Confirmed,990,Simulated booking
BK-TC-01002-007,TC-01002,2026-06-24,1,Retail,Confirmed,990,Simulated booking
BK-TC-01002-008,TC-01002,2026-06-04,1,Online,Confirmed,990,Simulated booking
BK-TC-01002-009,TC-01002,2026-04-18,1,Trade,Confirmed,990,Simulated booking
BK-TC-01002-010,TC-01002,2026-08-17,1,Trade,Confirmed,990,Simulated booking
BK-TC-01002-011,TC-01002,2026-07-16,1,Online,Confirmed,990,Simulated booking
BK-TC-01002-012,TC-01002,2026-04-18,1,Trade,Confirmed,990,Simulated booking
BK-TC-01002-013,TC-01002,2026-08-11,1,Online,Confirmed,990,Simulated booking
BK-TC-01002-014,TC-01002,2026-10-01,1,Retail,Confirmed,990,Simulated booking
BK-TC-01002-015,TC-01002,2026-10-04,1,Trade,Confirmed,990,Simulated booking
BK-TC-01002-016,TC-01002,2026-05-06,1,Online,Confirmed,990,Simulated booking
BK-TC-01002-017,TC-01002,2026-08-11,1,Online,Confirmed,990,Simulated booking
BK-TC-01002-018,TC-01002,2026-06-27,1,Retail,Confirmed,990,Simulated booking
BK-TC-01002-019,TC-01002,2026-09-27,1,Retail,Confirmed,990,Simulated booking
BK-TC-01002-020,TC-01002,2026-04-17,1,Retail,Confirmed,990,Simulated booking
BK-TC-01002-021,TC-01002,2026-06-14,1,Trade,Confirmed,990,Simulated booking
BK-TC-01002-022,TC-01002,2026-08-27,1,Retail,Confirmed,990,Simulated booking
BK-TC-01002-023,TC-01002,2026-05-01,1,Online,Confirmed,990,Simulated booking
BK-TC-01003-001,TC-01003,2026-08-12,1,Trade,Confirmed,990,Simulated booking
BK-TC-01003-002,TC-01003,2026-08-27,1,Trade,Confirmed,990,Simulated booking
BK-TC-01003-003,TC-01003,2026-08-24,1,Trade,Confirmed,990,Simulated booking
BK-TC-01003-004,TC-01003,2026-09-28,1,Retail,Confirmed,990,Simulated booking
BK-TC-01003-005,TC-01003,2026-06-25,1,Retail,Confirmed,990,Simulated booking
BK-TC-01003-006,TC-01003,2026-09-21,1,Trade,Confirmed,990,Simulated booking
BK-TC-01003-007,TC-01003,2026-08-16,1,Online,Confirmed,990,Simulated booking
BK-TC-01003-008,TC-01003,2026-06-16,1,Trade,Confirmed,990,Simulated booking
BK-TC-01003-009,TC-01003,2026-07-05,1,Online,Confirmed,990,Simulated booking
BK-TC-01003-010,TC-01003,2026-07-29,1,Online,Confirmed,990,Simulated booking
BK-TC-01003-011,TC-01003,2026-06-13,1,Trade,Confirmed,990,Simulated booking
BK-TC-01003-012,TC-01003,2026-07-31,1,Trade,Confirmed,990,Simulated booking
BK-TC-01003-013,TC-01003,2026-09-13,1,Online,Confirmed,990,Simulated booking
BK-TC-01003-014,TC-01003,2026-09-04,1,Retail,Confirmed,990,Simulated booking
BK-TC-01003-015,TC-01003,2026-05-19,1,Retail,Confirmed,990,Simulated booking
BK-TC-01003-016,TC-01003,2026-06-24,1,Trade,Confirmed,990,Simulated booking
BK-TC-01003-017,TC-01003,2026-07-18,1,Retail,Confirmed,990,Simulated booking
BK-TC-01003-018,TC-01003,2026-09-28,1,Online,Confirmed,990,Simulated booking
BK-TC-01003-019,TC-01003,2026-05-12,1,Online,Confirmed,990,Simulated booking
BK-TC-01003-020,TC-01003,2026-04-28,1,Online,Confirmed,990,Simulated booking
BK-TC-01003-021,TC-01003,2026-08-17,1,Retail,Confirmed,990,Simulated booking
BK-TC-01003-022,TC-01003,2026-06-18,1,Retail,Confirmed,990,Simulated booking
BK-TC-01003-023,TC-01003,2026-09-25,1,Online,Confirmed,990,Simulated booking
BK-TC-01003-024,TC-01003,2026-08-08,1,Trade,Confirmed,990,Simulated booking
BK-TC-01004-001,TC-01004,2026-08-28,1,Retail,Confirmed,990,Simulated booking
BK-TC-01004-002,TC-01004,2026-09-09,1,Retail,Confirmed,990,Simulated booking
BK-TC-01004-003,TC-01004,2026-07-05,1,Online,Confirmed,990,Simulated booking
BK-TC-01004-004,TC-01004,2026-09-15,1,Retail,Confirmed,990,Simulated booking
BK-TC-01004-005,TC-01004,2026-07-29,1,Retail,Confirmed,990,Simulated booking
BK-TC-01004-006,TC-01004,2026-09-17,1,Retail,Confirmed,990,Simulated booking
BK-TC-01004-007,TC-01004,2026-10-08,1,Online,Confirmed,990,Simulated booking
BK-TC-01004-008,TC-01004,2026-07-01,1,Online,Confirmed,990,Simulated booking
BK-TC-01004-009,TC-01004,2026-08-14,1,Trade,Confirmed,990,Simulated booking
BK-TC-01004-010,TC-01004,2026-08-17,1,Online,Confirmed,990,Simulated booking
BK-TC-01004-011,TC-01004,2026-09-05,1,Online,Confirmed,990,Simulated booking
BK-TC-01004-012,TC-01004,2026-09-30,1,Retail,Confirmed,990,Simulated booking
BK-TC-01004-013,TC-01004,2026-08-30,1,Trade,Confirmed,990,Simulated booking
BK-TC-01004-014,TC-01004,2026-07-31,1,Online,Confirmed,990,Simulated booking
BK-TC-01004-015,TC-01004,2026-09-08,1,Retail,Confirmed,990,Simulated booking
BK-TC-01004-016,TC-01004,2026-07-06,1,Trade,Confirmed,990,Simulated booking
BK-TC-01004-017,TC-01004,2026-07-01,1,Retail,Confirmed,990,Simulated booking
BK-TC-01004-018,TC-01004,2026-07-09,1,Trade,Confirmed,990,Simulated booking
BK-TC-01004-019,TC-01004,2026-07-06,1,Online,Confirmed,990,Simulated booking
BK-TC-01004-020,TC-01004,2026-06-19,1,Retail,Confirmed,990,Simulated booking
BK-TC-01004-021,TC-01004,2026-08-29,1,Trade,Confirmed,990,Simulated booking
BK-TC-01004-022,TC-01004,2026-07-18,1,Retail,Confirmed,990,Simulated booking
BK-TC-01005-001,TC-01005,2026-08-30,1,Trade,Confirmed,990,Simulated booking
BK-TC-01005-002,TC-01005,2026-07-21,1,Retail,Confirmed,990,Simulated booking
BK-TC-01005-003,TC-01005,2026-10-06,1,Trade,Confirmed,990,Simulated booking
BK-TC-01005-004,TC-01005,2026-10-04,1,Online,Confirmed,990,Simulated booking
BK-TC-01005-005,TC-01005,2026-09-11,1,Retail,Confirmed,990,Simulated booking
BK-TC-01005-006,TC-01005,2026-08-01,1,Online,Confirmed,990,Simulated booking
BK-TC-01005-007,TC-01005,2026-08-17,1,Retail,Confirmed,990,Simulated booking
BK-TC-01005-008,TC-01005,2026-07-31,1,Trade,Confirmed,990,Simulated booking
BK-TC-01005-009,TC-01005,2026-06-11,1,Retail,Confirmed,990,Simulated booking
BK-TC-01005-010,TC-01005,2026-09-22,1,Online,Confirmed,990,Simulated booking
BK-TC-01005-011,TC-01005,2026-09-13,1,Online,Confirmed,990,Simulated booking
BK-TC-01005-012,TC-01005,2026-08-10,1,Online,Confirmed,990,Simulated booking
BK-TC-01005-013,TC-01005,2026-06-05,1,Retail,Confirmed,990,Simulated booking
BK-TC-01005-014,TC-01005,2026-07-14,1,Trade,Confirmed,990,Simulated booking
BK-TC-01006-001,TC-01006,2026-09-16,1,Retail,Confirmed,990,Simulated booking
BK-TC-01006-002,TC-01006,2026-08-09,1,Retail,Confirmed,990,Simulated booking
BK-TC-01006-003,TC-01006,2026-06-26,1,Online,Confirmed,990,Simulated booking
BK-TC-01006-004,TC-01006,2026-10-02,1,Trade,Confirmed,990,Simulated booking
BK-TC-01006-005,TC-01006,2026-09-17,1,Retail,Confirmed,990,Simulated booking
BK-TC-01006-006,TC-01006,2026-08-12,1,Online,Confirmed,990,Simulated booking
BK-TC-01006-007,TC-01006,2026-06-30,1,Trade,Confirmed,990,Simulated booking
BK-TC-01006-008,TC-01006,2026-07-04,1,Trade,Confirmed,990,Simulated booking
BK-TC-01006-009,TC-01006,2026-09-30,1,Retail,Confirmed,990,Simulated booking
BK-TC-01006-010,TC-01006,2026-06-27,1,Trade,Confirmed,990,Simulated booking
BK-TC-01006-011,TC-01006,2026-09-13,1,Trade,Confirmed,990,Simulated booking
BK-TC-01006-012,TC-01006,2026-06-30,1,Retail,Confirmed,990,Simulated booking
BK-TC-01006-013,TC-01006,2026-09-17,1,Trade,Confirmed,990,Simulated booking
BK-TC-01007-001,TC-01007,2026-09-24,1,Online,Confirmed,990,Simulated booking
BK-TC-01007-002,TC-01007,2026-07-16,1,Online,Confirmed,990,Simulated booking
BK-TC-01007-003,TC-01007,2026-10-03,1,Retail,Confirmed,990,Simulated booking
BK-TC-01007-004,TC-01007,2026-10-02,1,Online,Confirmed,990,Simulated booking
BK-TC-01007-005,TC-01007,2026-10-01,1,Trade,Confirmed,990,Simulated booking
BK-TC-01007-006,TC-01007,2026-10-04,1,Trade,Confirmed,990,Simulated booking
BK-TC-01007-007,TC-01007,2026-07-20,1,Online,Confirmed,990,Simulated booking
BK-TC-01007-008,TC-01007,2026-09-15,1,Retail,Confirmed,990,Simulated booking
BK-TC-01007-009,TC-01007,2026-08-11,1,Retail,Confirmed,990,Simulated booking
BK-TC-01007-010,TC-01007,2026-10-06,1,Online,Confirmed,990,Simulated booking
BK-TC-01007-011,TC-01007,2026-10-08,1,Trade,Confirmed,990,Simulated booking
BK-TC-01007-012,TC-01007,2026-07-21,1,Retail,Confirmed,990,Simulated booking
BK-TC-01007-013,TC-01007,2026-08-21,1,Retail,Confirmed,990,Simulated booking
BK-TC-01008-001,TC-01008,2026-10-09,1,Online,Confirmed,990,Simulated booking
BK-TC-01008-002,TC-01008,2026-08-18,1,Trade,Confirmed,990,Simulated booking
BK-TC-01008-003,TC-01008,2026-08-06,1,Trade,Confirmed,990,Simulated booking
BK-TC-01008-004,TC-01008,2026-08-25,1,Retail,Confirmed,990,Simulated booking
BK-TC-01008-005,TC-01008,2026-09-20,1,Trade,Confirmed,990,Simulated booking
BK-TC-01008-006,TC-01008,2026-07-31,1,Trade,Confirmed,990,Simulated booking
BK-TC-01008-007,TC-01008,2026-08-16,1,Trade,Confirmed,990,Simulated booking
BK-TC-01008-008,TC-01008,2026-10-05,1,Trade,Confirmed,990,Simulated booking
BK-TC-01008-009,TC-01008,2026-09-15,1,Trade,Confirmed,990,Simulated booking
BK-TC-01008-010,TC-01008,2026-08-28,1,Trade,Confirmed,990,Simulated booking
BK-TC-01008-011,TC-01008,2026-08-08,1,Trade,Confirmed,990,Simulated booking
BK-TC-02001-001,TC-02001,2026-05-14,1,Retail,Confirmed,1870,Simulated booking
BK-TC-02001-002,TC-02001,2026-07-25,1,Trade,Confirmed,1870,Simulated booking
BK-TC-02001-003,TC-02001,2026-05-31,1,Retail,Confirmed,1870,Simulated booking
BK-TC-02001-004,TC-02001,2026-06-27,1,Trade,Confirmed,1870,Simulated booking
BK-TC-02001-005,TC-02001,2026-06-22,1,Retail,Confirmed,1870,Simulated booking
BK-TC-02001-006,TC-02001,2026-10-05,1,Trade,Confirmed,1870,Simulated booking
BK-TC-02001-007,TC-02001,2026-08-15,1,Retail,Confirmed,1870,Simulated booking
BK-TC-02001-008,TC-02001,2026-04-18,1,Online,Confirmed,1870,Simulated booking
BK-TC-02001-009,TC-02001,2026-09-24,1,Trade,Confirmed,1870,Simulated booking
BK-TC-02001-010,TC-02001,2026-05-21,1,Online,Confirmed,1870,Simulated booking
BK-TC-02001-011,TC-02001,2026-06-22,1,Online,Confirmed,1870,Simulated booking
BK-TC-02001-012,TC-02001,2026-05-06,1,Online,Confirmed,1870,Simulated booking
BK-TC-02001-013,TC-02001,2026-09-29,1,Online,Confirmed,1870,Simulated booking
BK-TC-02001-014,TC-02001,2026-09-08,1,Online,Confirmed,1870,Simulated booking
BK-TC-02001-015,TC-02001,2026-08-07,1,Retail,Confirmed,1870,Simulated booking
BK-TC-02001-016,TC-02001,2026-05-26,1,Retail,Confirmed,1870,Simulated booking
BK-TC-02001-017,TC-02001,2026-07-10,1,Online,Confirmed,1870,Simulated booking
BK-TC-02001-018,TC-02001,2026-05-13,1,Retail,Confirmed,1870,Simulated booking
BK-TC-02001-019,TC-02001,2026-09-03,1,Trade,Confirmed,1870,Simulated booking
BK-TC-02001-020,TC-02001,2026-09-07,1,Trade,Confirmed,1870,Simulated booking
BK-TC-02001-021,TC-02001,2026-09-10,1,Trade,Confirmed,1870,Simulated booking
BK-TC-02001-022,TC-02001,2026-08-27,1,Retail,Confirmed,1870,Simulated booking
BK-TC-02001-023,TC-02001,2026-05-08,1,Trade,Confirmed,1870,Simulated booking
BK-TC-02001-024,TC-02001,2026-05-16,1,Online,Confirmed,1870,Simulated booking
BK-TC-02001-025,TC-02001,2026-08-19,1,Retail,Confirmed,1870,Simulated booking
BK-TC-02001-026,TC-02001,2026-08-07,1,Trade,Confirmed,1870,Simulated booking
BK-TC-02001-027,TC-02001,2026-07-01,1,Trade,Confirmed,1870,Simulated booking
BK-TC-02002-001,TC-02002,2026-06-13,1,Online,Confirmed,1870,Simulated booking
BK-TC-02002-002,TC-02002,2026-07-31,1,Online,Confirmed,1870,Simulated booking
BK-TC-02002-003,TC-02002,2026-07-29,1,Trade,Confirmed,1870,Simulated booking
BK-TC-02002-004,TC-02002,2026-05-03,1,Retail,Confirmed,1870,Simulated booking
BK-TC-02002-005,TC-02002,2026-10-05,1,Online,Confirmed,1870,Simulated booking
BK-TC-02002-006,TC-02002,2026-04-25,1,Online,Confirmed,1870,Simulated booking
BK-TC-02002-007,TC-02002,2026-05-25,1,Trade,Confirmed,1870,Simulated booking
BK-TC-02002-008,TC-02002,2026-04-30,1,Retail,Confirmed,1870,Simulated booking
BK-TC-02002-009,TC-02002,2026-09-21,1,Online,Confirmed,1870,Simulated booking
BK-TC-02002-010,TC-02002,2026-07-26,1,Online,Confirmed,1870,Simulated booking
BK-TC-02002-011,TC-02002,2026-05-04,1,Online,Confirmed,1870,Simulated booking
BK-TC-02002-012,TC-02002,2026-05-06,1,Retail,Confirmed,1870,Simulated booking
BK-TC-02002-013,TC-02002,2026-05-07,1,Trade,Confirmed,1870,Simulated booking
BK-TC-02002-014,TC-02002,2026-09-17,1,Online,Confirmed,1870,Simulated booking
BK-TC-02002-015,TC-02002,2026-06-16,1,Online,Confirmed,1870,Simulated booking
BK-TC-02002-016,TC-02002,2026-07-29,1,Retail,Confirmed,1870,Simulated booking
BK-TC-02002-017,TC-02002,2026-05-15,1,Trade,Confirmed,1870,Simulated booking
BK-TC-02002-018,TC-02002,2026-07-01,1,Trade,Confirmed,1870,Simulated booking
BK-TC-02002-019,TC-02002,2026-07-26,1,Trade,Confirmed,1870,Simulated booking
BK-TC-02002-020,TC-02002,2026-08-22,1,Trade,Confirmed,1870,Simulated booking
BK-TC-02002-021,TC-02002,2026-08-05,1,Retail,Confirmed,1870,Simulated booking
BK-TC-02002-022,TC-02002,2026-08-29,1,Trade,Confirmed,1870,Simulated booking
BK-TC-02002-023,TC-02002,2026-08-16,1,Trade,Confirmed,1870,Simulated booking
BK-TC-02002-024,TC-02002,2026-08-03,1,Online,Confirmed,1870,Simulated booking
BK-TC-02002-025,TC-02002,2026-08-04,1,Online,Confirmed,1870,Simulated booking
BK-TC-02002-026,TC-02002,2026-05-05,1,Online,Confirmed,1870,Simulated booking
BK-TC-02002-027,TC-02002,2026-07-06,1,Trade,Confirmed,1870,Simulated booking
BK-TC-02002-028,TC-02002,2026-04-21,1,Trade,Confirmed,1870,Simulated booking
BK-TC-02002-029,TC-02002,2026-10-07,1,Retail,Confirmed,1870,Simulated booking
BK-TC-02002-030,TC-02002,2026-05-24,1,Online,Confirmed,1870,Simulated booking
BK-TC-02003-001,TC-02003,2026-05-22,1,Retail,Confirmed,1870,Simulated booking
BK-TC-02003-002,TC-02003,2026-08-24,1,Retail,Confirmed,1870,Simulated booking
BK-TC-02003-003,TC-02003,2026-09-07,1,Retail,Confirmed,1870,Simulated booking
BK-TC-02003-004,TC-02003,2026-05-28,1,Trade,Confirmed,1870,Simulated booking
BK-TC-02003-005,TC-02003,2026-07-29,1,Trade,Confirmed,1870,Simulated booking
BK-TC-02003-006,TC-02003,2026-07-23,1,Trade,Confirmed,1870,Simulated booking
BK-TC-02003-007,TC-02003,2026-09-15,1,Retail,Confirmed,1870,Simulated booking
BK-TC-02003-008,TC-02003,2026-05-15,1,Retail,Confirmed,1870,Simulated booking
BK-TC-02003-009,TC-02003,2026-08-16,1,Retail,Confirmed,1870,Simulated booking
BK-TC-02003-010,TC-02003,2026-08-02,1,Trade,Confirmed,1870,Simulated booking
BK-TC-02003-011,TC-02003,2026-05-15,1,Retail,Confirmed,1870,Simulated booking
BK-TC-02003-012,TC-02003,2026-09-09,1,Online,Confirmed,1870,Simulated booking
BK-TC-02003-013,TC-02003,2026-05-03,1,Retail,Confirmed,1870,Simulated booking
BK-TC-02003-014,TC-02003,2026-09-23,1,Retail,Confirmed,1870,Simulated booking
BK-TC-02003-015,TC-02003,2026-09-12,1,Online,Confirmed,1870,Simulated booking
BK-TC-02003-016,TC-02003,2026-08-12,1,Online,Confirmed,1870,Simulated booking
BK-TC-02003-017,TC-02003,2026-08-04,1,Trade,Confirmed,1870,Simulated booking
BK-TC-02003-018,TC-02003,2026-09-06,1,Retail,Confirmed,1870,Simulated booking
BK-TC-02003-019,TC-02003,2026-06-10,1,Online,Confirmed,1870,Simulated booking
BK-TC-02003-020,TC-02003,2026-10-06,1,Online,Confirmed,1870,Simulated booking
BK-TC-02003-021,TC-02003,2026-06-20,1,Trade,Confirmed,1870,Simulated booking
BK-TC-02003-022,TC-02003,2026-09-19,1,Trade,Confirmed,1870,Simulated booking
BK-TC-02003-023,TC-02003,2026-06-09,1,Online,Confirmed,1870,Simulated booking
BK-TC-02003-024,TC-02003,2026-09-11,1,Online,Confirmed,1870,Simulated booking
BK-TC-02003-025,TC-02003,2026-09-22,1,Retail,Confirmed,1870,Simulated booking
BK-TC-02003-026,TC-02003,2026-09-01,1,Online,Confirmed,1870,Simulated booking
BK-TC-02003-027,TC-02003,2026-07-23,1,Trade,Confirmed,1870,Simulated booking
BK-TC-02004-001,TC-02004,2026-08-01,1,Retail,Confirmed,1870,Simulated booking
BK-TC-02004-002,TC-02004,2026-06-01,1,Trade,Confirmed,1870,Simulated booking
BK-TC-02004-003,TC-02004,2026-09-13,1,Online,Confirmed,1870,Simulated booking
BK-TC-02004-004,TC-02004,2026-10-09,1,Trade,Confirmed,1870,Simulated booking
BK-TC-02004-005,TC-02004,2026-08-21,1,Retail,Confirmed,1870,Simulated booking
BK-TC-02004-006,TC-02004,2026-07-15,1,Online,Confirmed,1870,Simulated booking
BK-TC-02004-007,TC-02004,2026-09-25,1,Trade,Confirmed,1870,Simulated booking
BK-TC-02004-008,TC-02004,2026-06-03,1,Trade,Confirmed,1870,Simulated booking
BK-TC-02004-009,TC-02004,2026-07-04,1,Retail,Confirmed,1870,Simulated booking
BK-TC-02004-010,TC-02004,2026-09-13,1,Retail,Confirmed,1870,Simulated booking
BK-TC-02004-011,TC-02004,2026-08-25,1,Retail,Confirmed,1870,Simulated booking
BK-TC-02004-012,TC-02004,2026-07-23,1,Retail,Confirmed,1870,Simulated booking
BK-TC-02004-013,TC-02004,2026-08-20,1,Retail,Confirmed,1870,Simulated booking
BK-TC-02004-014,TC-02004,2026-08-24,1,Retail,Confirmed,1870,Simulated booking
BK-TC-02004-015,TC-02004,2026-07-30,1,Retail,Confirmed,1870,Simulated booking
BK-TC-02004-016,TC-02004,2026-06-20,1,Retail,Confirmed,1870,Simulated booking
BK-TC-02004-017,TC-02004,2026-07-24,1,Trade,Confirmed,1870,Simulated booking
BK-TC-02004-018,TC-02004,2026-08-18,1,Online,Confirmed,1870,Simulated booking
BK-TC-02005-001,TC-02005,2026-07-22,1,Trade,Confirmed,1870,Simulated booking
BK-TC-02005-002,TC-02005,2026-09-28,1,Retail,Confirmed,1870,Simulated booking
BK-TC-02005-003,TC-02005,2026-09-04,1,Retail,Confirmed,1870,Simulated booking
BK-TC-02005-004,TC-02005,2026-09-19,1,Online,Confirmed,1870,Simulated booking
BK-TC-02005-005,TC-02005,2026-06-07,1,Retail,Confirmed,1870,Simulated booking
BK-TC-02005-006,TC-02005,2026-10-03,1,Online,Confirmed,1870,Simulated booking
BK-TC-02005-007,TC-02005,2026-06-15,1,Online,Confirmed,1870,Simulated booking
BK-TC-02005-008,TC-02005,2026-08-25,1,Trade,Confirmed,1870,Simulated booking
BK-TC-02005-009,TC-02005,2026-10-09,1,Online,Confirmed,1870,Simulated booking
BK-TC-02005-010,TC-02005,2026-07-25,1,Retail,Confirmed,1870,Simulated booking
BK-TC-02005-011,TC-02005,2026-10-07,1,Trade,Confirmed,1870,Simulated booking
BK-TC-02005-012,TC-02005,2026-09-19,1,Trade,Confirmed,1870,Simulated booking
BK-TC-02005-013,TC-02005,2026-10-08,1,Retail,Confirmed,1870,Simulated booking
BK-TC-02005-014,TC-02005,2026-07-22,1,Online,Confirmed,1870,Simulated booking
BK-TC-02005-015,TC-02005,2026-09-09,1,Retail,Confirmed,1870,Simulated booking
BK-TC-02005-016,TC-02005,2026-07-08,1,Online,Confirmed,1870,Simulated booking
BK-TC-02006-001,TC-02006,2026-07-05,1,Trade,Confirmed,1870,Simulated booking
BK-TC-02006-002,TC-02006,2026-08-11,1,Online,Confirmed,1870,Simulated booking
BK-TC-02006-003,TC-02006,2026-09-07,1,Online,Confirmed,1870,Simulated booking
BK-TC-02006-004,TC-02006,2026-10-05,1,Online,Confirmed,1870,Simulated booking
BK-TC-02006-005,TC-02006,2026-07-05,1,Trade,Confirmed,1870,Simulated booking
BK-TC-02006-006,TC-02006,2026-09-26,1,Trade,Confirmed,1870,Simulated booking
BK-TC-02006-007,TC-02006,2026-09-14,1,Retail,Confirmed,1870,Simulated booking
BK-TC-02006-008,TC-02006,2026-08-10,1,Trade,Confirmed,1870,Simulated booking
BK-TC-02006-009,TC-02006,2026-09-06,1,Trade,Confirmed,1870,Simulated booking
BK-TC-02006-010,TC-02006,2026-09-18,1,Trade,Confirmed,1870,Simulated booking
BK-TC-02006-011,TC-02006,2026-09-08,1,Retail,Confirmed,1870,Simulated booking
BK-TC-02006-012,TC-02006,2026-08-16,1,Online,Confirmed,1870,Simulated booking
BK-TC-02006-013,TC-02006,2026-08-12,1,Trade,Confirmed,1870,Simulated booking
BK-TC-02006-014,TC-02006,2026-09-11,1,Online,Confirmed,1870,Simulated booking
BK-TC-02006-015,TC-02006,2026-07-31,1,Online,Confirmed,1870,Simulated booking
BK-TC-02006-016,TC-02006,2026-09-16,1,Trade,Confirmed,1870,Simulated booking
BK-TC-02007-001,TC-02007,2026-08-11,1,Retail,Confirmed,1870,Simulated booking
BK-TC-02007-002,TC-02007,2026-07-12,1,Trade,Confirmed,1870,Simulated booking
BK-TC-02007-003,TC-02007,2026-08-16,1,Online,Confirmed,1870,Simulated booking
BK-TC-02007-004,TC-02007,2026-09-11,1,Online,Confirmed,1870,Simulated booking
BK-TC-02007-005,TC-02007,2026-07-13,1,Trade,Confirmed,1870,Simulated booking
BK-TC-02007-006,TC-02007,2026-08-29,1,Online,Confirmed,1870,Simulated booking
BK-TC-02007-007,TC-02007,2026-08-04,1,Trade,Confirmed,1870,Simulated booking
BK-TC-02007-008,TC-02007,2026-09-01,1,Trade,Confirmed,1870,Simulated booking
BK-TC-02007-009,TC-02007,2026-08-29,1,Trade,Confirmed,1870,Simulated booking
BK-TC-02007-010,TC-02007,2026-08-10,1,Retail,Confirmed,1870,Simulated booking
BK-TC-02007-011,TC-02007,2026-07-26,1,Online,Confirmed,1870,Simulated booking
BK-TC-02007-012,TC-02007,2026-07-14,1,Trade,Confirmed,1870,Simulated booking
BK-TC-02007-013,TC-02007,2026-08-07,1,Online,Confirmed,1870,Simulated booking
BK-TC-02007-014,TC-02007,2026-08-08,1,Retail,Confirmed,1870,Simulated booking
BK-TC-02008-001,TC-02008,2026-08-03,1,Retail,Confirmed,1870,Simulated booking
BK-TC-02008-002,TC-02008,2026-09-18,1,Online,Confirmed,1870,Simulated booking
BK-TC-02008-003,TC-02008,2026-09-22,1,Trade,Confirmed,1870,Simulated booking
BK-TC-02008-004,TC-02008,2026-09-16,1,Retail,Confirmed,1870,Simulated booking
BK-TC-02008-005,TC-02008,2026-08-12,1,Online,Confirmed,1870,Simulated booking
BK-TC-02008-006,TC-02008,2026-09-04,1,Retail,Confirmed,1870,Simulated booking
BK-TC-02008-007,TC-02008,2026-08-22,1,Trade,Confirmed,1870,Simulated booking
BK-TC-02008-008,TC-02008,2026-08-30,1,Trade,Confirmed,1870,Simulated booking
BK-TC-02008-009,TC-02008,2026-09-09,1,Retail,Confirmed,1870,Simulated booking
BK-TC-03001-001,TC-03001,2026-04-02,1,Online,Confirmed,1990,Simulated booking
BK-TC-03001-002,TC-03001,2026-04-17,1,Trade,Confirmed,1990,Simulated booking
BK-TC-03001-003,TC-03001,2026-07-02,1,Retail,Confirmed,1990,Simulated booking
BK-TC-03001-004,TC-03001,2026-05-29,1,Retail,Confirmed,1990,Simulated booking
BK-TC-03001-005,TC-03001,2026-04-04,1,Retail,Confirmed,1990,Simulated booking
BK-TC-03001-006,TC-03001,2026-09-28,1,Online,Confirmed,1990,Simulated booking
BK-TC-03001-007,TC-03001,2026-05-15,1,Retail,Confirmed,1990,Simulated booking
BK-TC-03001-008,TC-03001,2026-05-01,1,Trade,Confirmed,1990,Simulated booking
BK-TC-03001-009,TC-03001,2026-04-05,1,Retail,Confirmed,1990,Simulated booking
BK-TC-03001-010,TC-03001,2026-06-13,1,Online,Confirmed,1990,Simulated booking
BK-TC-03001-011,TC-03001,2026-05-29,1,Trade,Confirmed,1990,Simulated booking
BK-TC-03001-012,TC-03001,2026-09-25,1,Retail,Confirmed,1990,Simulated booking
BK-TC-03001-013,TC-03001,2026-07-20,1,Online,Confirmed,1990,Simulated booking
BK-TC-03001-014,TC-03001,2026-09-28,1,Retail,Confirmed,1990,Simulated booking
BK-TC-03001-015,TC-03001,2026-07-29,1,Trade,Confirmed,1990,Simulated booking
BK-TC-03001-016,TC-03001,2026-08-05,1,Trade,Confirmed,1990,Simulated booking
BK-TC-03001-017,TC-03001,2026-07-22,1,Retail,Confirmed,1990,Simulated booking
BK-TC-03002-001,TC-03002,2026-06-30,1,Online,Confirmed,1990,Simulated booking
BK-TC-03002-002,TC-03002,2026-06-06,1,Online,Confirmed,1990,Simulated booking
BK-TC-03002-003,TC-03002,2026-06-18,1,Trade,Confirmed,1990,Simulated booking
BK-TC-03002-004,TC-03002,2026-09-19,1,Retail,Confirmed,1990,Simulated booking
BK-TC-03002-005,TC-03002,2026-08-22,1,Trade,Confirmed,1990,Simulated booking
BK-TC-03002-006,TC-03002,2026-10-01,1,Retail,Confirmed,1990,Simulated booking
BK-TC-03002-007,TC-03002,2026-09-30,1,Trade,Confirmed,1990,Simulated booking
BK-TC-03002-008,TC-03002,2026-06-21,1,Trade,Confirmed,1990,Simulated booking
BK-TC-03002-009,TC-03002,2026-08-27,1,Retail,Confirmed,1990,Simulated booking
BK-TC-03002-010,TC-03002,2026-07-18,1,Retail,Confirmed,1990,Simulated booking
BK-TC-03002-011,TC-03002,2026-06-22,1,Trade,Confirmed,1990,Simulated booking
BK-TC-03002-012,TC-03002,2026-10-02,1,Retail,Confirmed,1990,Simulated booking
BK-TC-03002-013,TC-03002,2026-09-20,1,Trade,Confirmed,1990,Simulated booking
BK-TC-03002-014,TC-03002,2026-06-01,1,Retail,Confirmed,1990,Simulated booking
BK-TC-03002-015,TC-03002,2026-05-02,1,Trade,Confirmed,1990,Simulated booking
BK-TC-03002-016,TC-03002,2026-05-11,1,Retail,Confirmed,1990,Simulated booking
BK-TC-03002-017,TC-03002,2026-08-02,1,Trade,Confirmed,1990,Simulated booking
BK-TC-03002-018,TC-03002,2026-04-21,1,Retail,Confirmed,1990,Simulated booking
BK-TC-03002-019,TC-03002,2026-07-23,1,Online,Confirmed,1990,Simulated booking
BK-TC-03002-020,TC-03002,2026-08-02,1,Trade,Confirmed,1990,Simulated booking
BK-TC-03003-001,TC-03003,2026-07-24,1,Online,Confirmed,1990,Simulated booking
BK-TC-03003-002,TC-03003,2026-06-17,1,Retail,Confirmed,1990,Simulated booking
BK-TC-03003-003,TC-03003,2026-05-27,1,Retail,Confirmed,1990,Simulated booking
BK-TC-03003-004,TC-03003,2026-08-27,1,Trade,Confirmed,1990,Simulated booking
BK-TC-03003-005,TC-03003,2026-08-29,1,Online,Confirmed,1990,Simulated booking
BK-TC-03003-006,TC-03003,2026-10-06,1,Trade,Confirmed,1990,Simulated booking
BK-TC-03003-007,TC-03003,2026-06-30,1,Trade,Confirmed,1990,Simulated booking
BK-TC-03003-008,TC-03003,2026-10-06,1,Retail,Confirmed,1990,Simulated booking
BK-TC-03003-009,TC-03003,2026-06-30,1,Online,Confirmed,1990,Simulated booking
BK-TC-03003-010,TC-03003,2026-05-09,1,Retail,Confirmed,1990,Simulated booking
BK-TC-03003-011,TC-03003,2026-07-23,1,Retail,Confirmed,1990,Simulated booking
BK-TC-03004-001,TC-03004,2026-07-27,1,Online,Confirmed,1990,Simulated booking
BK-TC-03004-002,TC-03004,2026-06-25,1,Trade,Confirmed,1990,Simulated booking
BK-TC-03004-003,TC-03004,2026-06-21,1,Online,Confirmed,1990,Simulated booking
BK-TC-03004-004,TC-03004,2026-05-30,1,Retail,Confirmed,1990,Simulated booking
BK-TC-03004-005,TC-03004,2026-08-11,1,Online,Confirmed,1990,Simulated booking
BK-TC-03004-006,TC-03004,2026-06-24,1,Online,Confirmed,1990,Simulated booking
BK-TC-03004-007,TC-03004,2026-09-24,1,Trade,Confirmed,1990,Simulated booking
BK-TC-03004-008,TC-03004,2026-09-14,1,Trade,Confirmed,1990,Simulated booking
BK-TC-03004-009,TC-03004,2026-07-31,1,Online,Confirmed,1990,Simulated booking
BK-TC-03004-010,TC-03004,2026-10-08,1,Retail,Confirmed,1990,Simulated booking
BK-TC-03004-011,TC-03004,2026-06-06,1,Trade,Confirmed,1990,Simulated booking
BK-TC-03005-001,TC-03005,2026-06-25,1,Online,Confirmed,1990,Simulated booking
BK-TC-03005-002,TC-03005,2026-06-16,1,Trade,Confirmed,1990,Simulated booking
BK-TC-03005-003,TC-03005,2026-09-20,1,Online,Confirmed,1990,Simulated booking
BK-TC-03005-004,TC-03005,2026-10-05,1,Retail,Confirmed,1990,Simulated booking
BK-TC-03005-005,TC-03005,2026-07-07,1,Trade,Confirmed,1990,Simulated booking
BK-TC-03005-006,TC-03005,2026-08-06,1,Online,Confirmed,1990,Simulated booking
BK-TC-03005-007,TC-03005,2026-08-01,1,Retail,Confirmed,1990,Simulated booking
BK-TC-03005-008,TC-03005,2026-08-31,1,Online,Confirmed,1990,Simulated booking
BK-TC-03005-009,TC-03005,2026-08-29,1,Trade,Confirmed,1990,Simulated booking
BK-TC-03005-010,TC-03005,2026-07-06,1,Online,Confirmed,1990,Simulated booking
BK-TC-03005-011,TC-03005,2026-10-03,1,Online,Confirmed,1990,Simulated booking
BK-TC-03006-001,TC-03006,2026-08-18,1,Trade,Confirmed,1990,Simulated booking
BK-TC-03006-002,TC-03006,2026-08-12,1,Online,Confirmed,1990,Simulated booking
BK-TC-03006-003,TC-03006,2026-07-28,1,Online,Confirmed,1990,Simulated booking
BK-TC-03006-004,TC-03006,2026-10-02,1,Retail,Confirmed,1990,Simulated booking
BK-TC-03006-005,TC-03006,2026-07-13,1,Online,Confirmed,1990,Simulated booking
BK-TC-03006-006,TC-03006,2026-10-02,1,Retail,Confirmed,1990,Simulated booking
BK-TC-03006-007,TC-03006,2026-06-28,1,Retail,Confirmed,1990,Simulated booking
BK-TC-03006-008,TC-03006,2026-06-30,1,Online,Confirmed,1990,Simulated booking
BK-TC-03006-009,TC-03006,2026-07-05,1,Trade,Confirmed,1990,Simulated booking
BK-TC-03006-010,TC-03006,2026-09-03,1,Trade,Confirmed,1990,Simulated booking
BK-TC-03007-001,TC-03007,2026-08-04,1,Retail,Confirmed,1990,Simulated booking
BK-TC-03007-002,TC-03007,2026-07-25,1,Online,Confirmed,1990,Simulated booking
BK-TC-03007-003,TC-03007,2026-08-06,1,Online,Confirmed,1990,Simulated booking
BK-TC-03007-004,TC-03007,2026-08-14,1,Retail,Confirmed,1990,Simulated booking
BK-TC-03007-005,TC-03007,2026-09-06,1,Online,Confirmed,1990,Simulated booking
BK-TC-03007-006,TC-03007,2026-07-19,1,Retail,Confirmed,1990,Simulated booking
BK-TC-03008-001,TC-03008,2026-09-25,1,Online,Confirmed,1990,Simulated booking
BK-TC-03008-002,TC-03008,2026-09-07,1,Online,Confirmed,1990,Simulated booking
BK-TC-03008-003,TC-03008,2026-09-11,1,Trade,Confirmed,1990,Simulated booking
BK-TC-03008-004,TC-03008,2026-09-03,1,Online,Confirmed,1990,Simulated booking
BK-TC-03008-005,TC-03008,2026-09-21,1,Online,Confirmed,1990,Simulated booking
BK-TC-04001-001,TC-04001,2026-09-11,1,Trade,Confirmed,1290,Simulated booking
BK-TC-04001-002,TC-04001,2026-06-20,1,Online,Confirmed,1290,Simulated booking
BK-TC-04001-003,TC-04001,2026-09-13,1,Trade,Confirmed,1290,Simulated booking
BK-TC-04001-004,TC-04001,2026-08-26,1,Trade,Confirmed,1290,Simulated booking
BK-TC-04001-005,TC-04001,2026-06-28,1,Trade,Confirmed,1290,Simulated booking
BK-TC-04001-006,TC-04001,2026-07-04,1,Retail,Confirmed,1290,Simulated booking
BK-TC-04001-007,TC-04001,2026-06-26,1,Retail,Confirmed,1290,Simulated booking
BK-TC-04001-008,TC-04001,2026-06-13,1,Online,Confirmed,1290,Simulated booking
BK-TC-04001-009,TC-04001,2026-09-15,1,Retail,Confirmed,1290,Simulated booking
BK-TC-04001-010,TC-04001,2026-05-12,1,Trade,Confirmed,1290,Simulated booking
BK-TC-04001-011,TC-04001,2026-04-16,1,Online,Confirmed,1290,Simulated booking
BK-TC-04001-012,TC-04001,2026-06-21,1,Online,Confirmed,1290,Simulated booking
BK-TC-04001-013,TC-04001,2026-06-04,1,Trade,Confirmed,1290,Simulated booking
BK-TC-04001-014,TC-04001,2026-04-30,1,Online,Confirmed,1290,Simulated booking
BK-TC-04001-015,TC-04001,2026-08-29,1,Trade,Confirmed,1290,Simulated booking
BK-TC-04001-016,TC-04001,2026-08-03,1,Trade,Confirmed,1290,Simulated booking
BK-TC-04001-017,TC-04001,2026-08-16,1,Online,Confirmed,1290,Simulated booking
BK-TC-04001-018,TC-04001,2026-07-10,1,Online,Confirmed,1290,Simulated booking
BK-TC-04001-019,TC-04001,2026-09-25,1,Retail,Confirmed,1290,Simulated booking
BK-TC-04001-020,TC-04001,2026-06-02,1,Online,Confirmed,1290,Simulated booking
BK-TC-04001-021,TC-04001,2026-10-04,1,Trade,Confirmed,1290,Simulated booking
BK-TC-04001-022,TC-04001,2026-07-31,1,Online,Confirmed,1290,Simulated booking
BK-TC-04001-023,TC-04001,2026-08-05,1,Online,Confirmed,1290,Simulated booking
BK-TC-04001-024,TC-04001,2026-08-17,1,Online,Confirmed,1290,Simulated booking
BK-TC-04002-001,TC-04002,2026-08-04,1,Retail,Confirmed,1290,Simulated booking
BK-TC-04002-002,TC-04002,2026-08-07,1,Retail,Confirmed,1290,Simulated booking
BK-TC-04002-003,TC-04002,2026-07-09,1,Retail,Confirmed,1290,Simulated booking
BK-TC-04002-004,TC-04002,2026-05-04,1,Retail,Confirmed,1290,Simulated booking
BK-TC-04002-005,TC-04002,2026-08-27,1,Online,Confirmed,1290,Simulated booking
BK-TC-04002-006,TC-04002,2026-07-13,1,Retail,Confirmed,1290,Simulated booking
BK-TC-04002-007,TC-04002,2026-05-15,1,Trade,Confirmed,1290,Simulated booking
BK-TC-04002-008,TC-04002,2026-09-25,1,Retail,Confirmed,1290,Simulated booking
BK-TC-04002-009,TC-04002,2026-05-27,1,Retail,Confirmed,1290,Simulated booking
BK-TC-04002-010,TC-04002,2026-10-06,1,Online,Confirmed,1290,Simulated booking
BK-TC-04002-011,TC-04002,2026-07-12,1,Trade,Confirmed,1290,Simulated booking
BK-TC-04002-012,TC-04002,2026-06-05,1,Online,Confirmed,1290,Simulated booking
BK-TC-04002-013,TC-04002,2026-09-12,1,Retail,Confirmed,1290,Simulated booking
BK-TC-04002-014,TC-04002,2026-10-08,1,Trade,Confirmed,1290,Simulated booking
BK-TC-04002-015,TC-04002,2026-08-25,1,Online,Confirmed,1290,Simulated booking
BK-TC-04002-016,TC-04002,2026-09-12,1,Trade,Confirmed,1290,Simulated booking
BK-TC-04003-001,TC-04003,2026-09-01,1,Online,Confirmed,1290,Simulated booking
BK-TC-04003-002,TC-04003,2026-07-29,1,Trade,Confirmed,1290,Simulated booking
BK-TC-04003-003,TC-04003,2026-07-02,1,Online,Confirmed,1290,Simulated booking
BK-TC-04003-004,TC-04003,2026-09-25,1,Trade,Confirmed,1290,Simulated booking
BK-TC-04003-005,TC-04003,2026-06-04,1,Trade,Confirmed,1290,Simulated booking
BK-TC-04003-006,TC-04003,2026-06-10,1,Trade,Confirmed,1290,Simulated booking
BK-TC-04003-007,TC-04003,2026-10-03,1,Online,Confirmed,1290,Simulated booking
BK-TC-04003-008,TC-04003,2026-07-17,1,Online,Confirmed,1290,Simulated booking
BK-TC-04003-009,TC-04003,2026-08-28,1,Trade,Confirmed,1290,Simulated booking
BK-TC-04003-010,TC-04003,2026-09-30,1,Retail,Confirmed,1290,Simulated booking
BK-TC-04003-011,TC-04003,2026-08-28,1,Trade,Confirmed,1290,Simulated booking
BK-TC-04003-012,TC-04003,2026-09-02,1,Online,Confirmed,1290,Simulated booking
BK-TC-04003-013,TC-04003,2026-06-13,1,Online,Confirmed,1290,Simulated booking
BK-TC-04003-014,TC-04003,2026-07-29,1,Retail,Confirmed,1290,Simulated booking
BK-TC-04003-015,TC-04003,2026-09-25,1,Online,Confirmed,1290,Simulated booking
BK-TC-04003-016,TC-04003,2026-08-28,1,Trade,Confirmed,1290,Simulated booking
BK-TC-04004-001,TC-04004,2026-09-05,1,Trade,Confirmed,1290,Simulated booking
BK-TC-04004-002,TC-04004,2026-08-10,1,Online,Confirmed,1290,Simulated booking
BK-TC-04004-003,TC-04004,2026-09-18,1,Retail,Confirmed,1290,Simulated booking
BK-TC-04004-004,TC-04004,2026-07-19,1,Retail,Confirmed,1290,Simulated booking
BK-TC-04004-005,TC-04004,2026-08-03,1,Trade,Confirmed,1290,Simulated booking
BK-TC-04004-006,TC-04004,2026-09-08,1,Trade,Confirmed,1290,Simulated booking
BK-TC-04004-007,TC-04004,2026-09-23,1,Retail,Confirmed,1290,Simulated booking
BK-TC-04004-008,TC-04004,2026-06-25,1,Trade,Confirmed,1290,Simulated booking
BK-TC-04004-009,TC-04004,2026-08-24,1,Trade,Confirmed,1290,Simulated booking
BK-TC-04004-010,TC-04004,2026-06-06,1,Retail,Confirmed,1290,Simulated booking
BK-TC-04004-011,TC-04004,2026-07-19,1,Trade,Confirmed,1290,Simulated booking
BK-TC-04004-012,TC-04004,2026-07-04,1,Retail,Confirmed,1290,Simulated booking
BK-TC-04004-013,TC-04004,2026-09-03,1,Trade,Confirmed,1290,Simulated booking
BK-TC-04004-014,TC-04004,2026-07-24,1,Trade,Confirmed,1290,Simulated booking
BK-TC-04004-015,TC-04004,2026-07-18,1,Trade,Confirmed,1290,Simulated booking
BK-TC-04004-016,TC-04004,2026-07-26,1,Online,Confirmed,1290,Simulated booking
BK-TC-04005-001,TC-04005,2026-09-01,1,Retail,Confirmed,1290,Simulated booking
BK-TC-04005-002,TC-04005,2026-10-04,1,Trade,Confirmed,1290,Simulated booking
BK-TC-04005-003,TC-04005,2026-07-08,1,Online,Confirmed,1290,Simulated booking
BK-TC-04005-004,TC-04005,2026-06-27,1,Retail,Confirmed,1290,Simulated booking
BK-TC-04005-005,TC-04005,2026-09-29,1,Trade,Confirmed,1290,Simulated booking
BK-TC-04005-006,TC-04005,2026-06-15,1,Trade,Confirmed,1290,Simulated booking
BK-TC-04005-007,TC-04005,2026-08-20,1,Online,Confirmed,1290,Simulated booking
BK-TC-04005-008,TC-04005,2026-08-26,1,Online,Confirmed,1290,Simulated booking
BK-TC-04005-009,TC-04005,2026-08-19,1,Online,Confirmed,1290,Simulated booking
BK-TC-04005-010,TC-04005,2026-07-04,1,Retail,Confirmed,1290,Simulated booking
BK-TC-04005-011,TC-04005,2026-07-07,1,Retail,Confirmed,1290,Simulated booking
BK-TC-04005-012,TC-04005,2026-07-14,1,Retail,Confirmed,1290,Simulated booking
BK-TC-04005-013,TC-04005,2026-07-19,1,Online,Confirmed,1290,Simulated booking
BK-TC-04006-001,TC-04006,2026-09-24,1,Trade,Confirmed,1290,Simulated booking
BK-TC-04006-002,TC-04006,2026-09-06,1,Online,Confirmed,1290,Simulated booking
BK-TC-04006-003,TC-04006,2026-09-02,1,Trade,Confirmed,1290,Simulated booking
BK-TC-04006-004,TC-04006,2026-07-19,1,Online,Confirmed,1290,Simulated booking
BK-TC-04006-005,TC-04006,2026-07-17,1,Trade,Confirmed,1290,Simulated booking
BK-TC-04006-006,TC-04006,2026-08-01,1,Trade,Confirmed,1290,Simulated booking
BK-TC-04006-007,TC-04006,2026-08-17,1,Trade,Confirmed,1290,Simulated booking
BK-TC-04006-008,TC-04006,2026-07-11,1,Online,Confirmed,1290,Simulated booking
BK-TC-04007-001,TC-04007,2026-10-02,1,Trade,Confirmed,1290,Simulated booking
BK-TC-04007-002,TC-04007,2026-09-19,1,Online,Confirmed,1290,Simulated booking
BK-TC-04007-003,TC-04007,2026-08-16,1,Trade,Confirmed,1290,Simulated booking
BK-TC-04007-004,TC-04007,2026-08-06,1,Online,Confirmed,1290,Simulated booking
BK-TC-04007-005,TC-04007,2026-08-28,1,Retail,Confirmed,1290,Simulated booking
BK-TC-04007-006,TC-04007,2026-08-31,1,Retail,Confirmed,1290,Simulated booking
BK-TC-04007-007,TC-04007,2026-09-25,1,Online,Confirmed,1290,Simulated booking
BK-TC-04008-001,TC-04008,2026-08-22,1,Retail,Confirmed,1290,Simulated booking
BK-TC-04008-002,TC-04008,2026-08-15,1,Trade,Confirmed,1290,Simulated booking
BK-TC-04008-003,TC-04008,2026-09-04,1,Online,Confirmed,1290,Simulated booking
BK-TC-04008-004,TC-04008,2026-09-04,1,Trade,Confirmed,1290,Simulated booking
BK-TC-04008-005,TC-04008,2026-10-08,1,Online,Confirmed,1290,Simulated booking
BK-TC-04008-006,TC-04008,2026-09-11,1,Trade,Confirmed,1290,Simulated booking
BK-TC-04008-007,TC-04008,2026-09-01,1,Retail,Confirmed,1290,Simulated booking
BK-TC-05001-001,TC-05001,2026-05-28,1,Online,Confirmed,1690,Simulated booking
BK-TC-05001-002,TC-05001,2026-05-21,1,Trade,Confirmed,1690,Simulated booking
BK-TC-05001-003,TC-05001,2026-05-06,1,Retail,Confirmed,1690,Simulated booking
BK-TC-05001-004,TC-05001,2026-07-04,1,Online,Confirmed,1690,Simulated booking
BK-TC-05001-005,TC-05001,2026-09-14,1,Trade,Confirmed,1690,Simulated booking
BK-TC-05001-006,TC-05001,2026-05-08,1,Retail,Confirmed,1690,Simulated booking
BK-TC-05001-007,TC-05001,2026-07-05,1,Online,Confirmed,1690,Simulated booking
BK-TC-05001-008,TC-05001,2026-10-03,1,Online,Confirmed,1690,Simulated booking
BK-TC-05001-009,TC-05001,2026-08-20,1,Retail,Confirmed,1690,Simulated booking
BK-TC-05001-010,TC-05001,2026-08-11,1,Retail,Confirmed,1690,Simulated booking
BK-TC-05001-011,TC-05001,2026-08-02,1,Trade,Confirmed,1690,Simulated booking
BK-TC-05001-012,TC-05001,2026-10-05,1,Retail,Confirmed,1690,Simulated booking
BK-TC-05001-013,TC-05001,2026-07-23,1,Online,Confirmed,1690,Simulated booking
BK-TC-05001-014,TC-05001,2026-06-30,1,Trade,Confirmed,1690,Simulated booking
BK-TC-05001-015,TC-05001,2026-07-20,1,Online,Confirmed,1690,Simulated booking
BK-TC-05001-016,TC-05001,2026-06-07,1,Online,Confirmed,1690,Simulated booking
BK-TC-05001-017,TC-05001,2026-06-28,1,Trade,Confirmed,1690,Simulated booking
BK-TC-05001-018,TC-05001,2026-07-18,1,Trade,Confirmed,1690,Simulated booking
BK-TC-05001-019,TC-05001,2026-08-28,1,Retail,Confirmed,1690,Simulated booking
BK-TC-05001-020,TC-05001,2026-07-24,1,Online,Confirmed,1690,Simulated booking
BK-TC-05001-021,TC-05001,2026-06-27,1,Trade,Confirmed,1690,Simulated booking
BK-TC-05002-001,TC-05002,2026-05-07,1,Trade,Confirmed,1690,Simulated booking
BK-TC-05002-002,TC-05002,2026-08-23,1,Retail,Confirmed,1690,Simulated booking
BK-TC-05002-003,TC-05002,2026-08-03,1,Online,Confirmed,1690,Simulated booking
BK-TC-05002-004,TC-05002,2026-06-04,1,Trade,Confirmed,1690,Simulated booking
BK-TC-05002-005,TC-05002,2026-10-06,1,Online,Confirmed,1690,Simulated booking
BK-TC-05002-006,TC-05002,2026-04-28,1,Online,Confirmed,1690,Simulated booking
BK-TC-05002-007,TC-05002,2026-07-21,1,Trade,Confirmed,1690,Simulated booking
BK-TC-05002-008,TC-05002,2026-09-06,1,Trade,Confirmed,1690,Simulated booking
BK-TC-05002-009,TC-05002,2026-06-26,1,Online,Confirmed,1690,Simulated booking
BK-TC-05002-010,TC-05002,2026-07-23,1,Online,Confirmed,1690,Simulated booking
BK-TC-05002-011,TC-05002,2026-09-16,1,Trade,Confirmed,1690,Simulated booking
BK-TC-05002-012,TC-05002,2026-08-19,1,Online,Confirmed,1690,Simulated booking
BK-TC-05002-013,TC-05002,2026-06-19,1,Retail,Confirmed,1690,Simulated booking
BK-TC-05002-014,TC-05002,2026-07-14,1,Retail,Confirmed,1690,Simulated booking
BK-TC-05002-015,TC-05002,2026-05-17,1,Retail,Confirmed,1690,Simulated booking
BK-TC-05002-016,TC-05002,2026-08-29,1,Trade,Confirmed,1690,Simulated booking
BK-TC-05002-017,TC-05002,2026-06-30,1,Online,Confirmed,1690,Simulated booking
BK-TC-05002-018,TC-05002,2026-07-15,1,Trade,Confirmed,1690,Simulated booking
BK-TC-05002-019,TC-05002,2026-07-19,1,Online,Confirmed,1690,Simulated booking
BK-TC-05002-020,TC-05002,2026-08-30,1,Retail,Confirmed,1690,Simulated booking
BK-TC-05002-021,TC-05002,2026-06-15,1,Trade,Confirmed,1690,Simulated booking
BK-TC-05002-022,TC-05002,2026-07-21,1,Trade,Confirmed,1690,Simulated booking
BK-TC-05002-023,TC-05002,2026-10-03,1,Online,Confirmed,1690,Simulated booking
BK-TC-05002-024,TC-05002,2026-09-02,1,Retail,Confirmed,1690,Simulated booking
BK-TC-05003-001,TC-05003,2026-09-13,1,Trade,Confirmed,1690,Simulated booking
BK-TC-05003-002,TC-05003,2026-09-17,1,Online,Confirmed,1690,Simulated booking
BK-TC-05003-003,TC-05003,2026-06-03,1,Retail,Confirmed,1690,Simulated booking
BK-TC-05003-004,TC-05003,2026-05-15,1,Trade,Confirmed,1690,Simulated booking
BK-TC-05003-005,TC-05003,2026-05-27,1,Retail,Confirmed,1690,Simulated booking
BK-TC-05003-006,TC-05003,2026-07-10,1,Trade,Confirmed,1690,Simulated booking
BK-TC-05003-007,TC-05003,2026-08-19,1,Retail,Confirmed,1690,Simulated booking
BK-TC-05003-008,TC-05003,2026-07-16,1,Online,Confirmed,1690,Simulated booking
BK-TC-05003-009,TC-05003,2026-07-19,1,Retail,Confirmed,1690,Simulated booking
BK-TC-05003-010,TC-05003,2026-06-19,1,Trade,Confirmed,1690,Simulated booking
BK-TC-05003-011,TC-05003,2026-08-03,1,Retail,Confirmed,1690,Simulated booking
BK-TC-05003-012,TC-05003,2026-09-22,1,Online,Confirmed,1690,Simulated booking
BK-TC-05003-013,TC-05003,2026-05-31,1,Online,Confirmed,1690,Simulated booking
BK-TC-05003-014,TC-05003,2026-05-14,1,Retail,Confirmed,1690,Simulated booking
BK-TC-05003-015,TC-05003,2026-08-23,1,Retail,Confirmed,1690,Simulated booking
BK-TC-05003-016,TC-05003,2026-06-08,1,Retail,Confirmed,1690,Simulated booking
BK-TC-05003-017,TC-05003,2026-06-29,1,Retail,Confirmed,1690,Simulated booking
BK-TC-05003-018,TC-05003,2026-09-24,1,Trade,Confirmed,1690,Simulated booking
BK-TC-05003-019,TC-05003,2026-08-30,1,Online,Confirmed,1690,Simulated booking
BK-TC-05003-020,TC-05003,2026-07-21,1,Trade,Confirmed,1690,Simulated booking
BK-TC-05003-021,TC-05003,2026-06-16,1,Online,Confirmed,1690,Simulated booking
BK-TC-05003-022,TC-05003,2026-07-13,1,Trade,Confirmed,1690,Simulated booking
BK-TC-05003-023,TC-05003,2026-07-10,1,Retail,Confirmed,1690,Simulated booking
BK-TC-05004-001,TC-05004,2026-08-16,1,Trade,Confirmed,1690,Simulated booking
BK-TC-05004-002,TC-05004,2026-09-29,1,Trade,Confirmed,1690,Simulated booking
BK-TC-05004-003,TC-05004,2026-06-01,1,Trade,Confirmed,1690,Simulated booking
BK-TC-05004-004,TC-05004,2026-06-10,1,Online,Confirmed,1690,Simulated booking
BK-TC-05004-005,TC-05004,2026-08-30,1,Online,Confirmed,1690,Simulated booking
BK-TC-05004-006,TC-05004,2026-07-24,1,Online,Confirmed,1690,Simulated booking
BK-TC-05004-007,TC-05004,2026-10-01,1,Trade,Confirmed,1690,Simulated booking
BK-TC-05004-008,TC-05004,2026-10-03,1,Retail,Confirmed,1690,Simulated booking
BK-TC-05004-009,TC-05004,2026-07-16,1,Trade,Confirmed,1690,Simulated booking
BK-TC-05004-010,TC-05004,2026-05-29,1,Trade,Confirmed,1690,Simulated booking
BK-TC-05004-011,TC-05004,2026-06-09,1,Online,Confirmed,1690,Simulated booking
BK-TC-05004-012,TC-05004,2026-10-03,1,Retail,Confirmed,1690,Simulated booking
BK-TC-05004-013,TC-05004,2026-07-02,1,Trade,Confirmed,1690,Simulated booking
BK-TC-05004-014,TC-05004,2026-07-30,1,Online,Confirmed,1690,Simulated booking
BK-TC-05004-015,TC-05004,2026-06-06,1,Trade,Confirmed,1690,Simulated booking
BK-TC-05004-016,TC-05004,2026-09-01,1,Online,Confirmed,1690,Simulated booking
BK-TC-05004-017,TC-05004,2026-07-13,1,Trade,Confirmed,1690,Simulated booking
BK-TC-05004-018,TC-05004,2026-09-10,1,Retail,Confirmed,1690,Simulated booking
BK-TC-05004-019,TC-05004,2026-06-18,1,Trade,Confirmed,1690,Simulated booking
BK-TC-05004-020,TC-05004,2026-06-04,1,Retail,Confirmed,1690,Simulated booking
BK-TC-05004-021,TC-05004,2026-07-09,1,Retail,Confirmed,1690,Simulated booking
BK-TC-05005-001,TC-05005,2026-06-22,1,Trade,Confirmed,1690,Simulated booking
BK-TC-05005-002,TC-05005,2026-09-20,1,Retail,Confirmed,1690,Simulated booking
BK-TC-05005-003,TC-05005,2026-08-18,1,Retail,Confirmed,1690,Simulated booking
BK-TC-05005-004,TC-05005,2026-09-29,1,Online,Confirmed,1690,Simulated booking
BK-TC-05005-005,TC-05005,2026-08-08,1,Online,Confirmed,1690,Simulated booking
BK-TC-05005-006,TC-05005,2026-08-29,1,Online,Confirmed,1690,Simulated booking
BK-TC-05005-007,TC-05005,2026-09-17,1,Retail,Confirmed,1690,Simulated booking
BK-TC-05005-008,TC-05005,2026-06-19,1,Retail,Confirmed,1690,Simulated booking
BK-TC-05005-009,TC-05005,2026-07-29,1,Trade,Confirmed,1690,Simulated booking
BK-TC-05005-010,TC-05005,2026-07-11,1,Online,Confirmed,1690,Simulated booking
BK-TC-05005-011,TC-05005,2026-06-26,1,Retail,Confirmed,1690,Simulated booking
BK-TC-05005-012,TC-05005,2026-09-24,1,Online,Confirmed,1690,Simulated booking
BK-TC-05006-001,TC-05006,2026-08-25,1,Retail,Confirmed,1690,Simulated booking
BK-TC-05006-002,TC-05006,2026-07-19,1,Online,Confirmed,1690,Simulated booking
BK-TC-05006-003,TC-05006,2026-09-24,1,Trade,Confirmed,1690,Simulated booking
BK-TC-05006-004,TC-05006,2026-07-09,1,Trade,Confirmed,1690,Simulated booking
BK-TC-05006-005,TC-05006,2026-09-02,1,Trade,Confirmed,1690,Simulated booking
BK-TC-05006-006,TC-05006,2026-09-04,1,Trade,Confirmed,1690,Simulated booking
BK-TC-05006-007,TC-05006,2026-09-28,1,Online,Confirmed,1690,Simulated booking
BK-TC-05006-008,TC-05006,2026-10-05,1,Trade,Confirmed,1690,Simulated booking
BK-TC-05006-009,TC-05006,2026-09-02,1,Trade,Confirmed,1690,Simulated booking
BK-TC-05006-010,TC-05006,2026-09-24,1,Online,Confirmed,1690,Simulated booking
BK-TC-05006-011,TC-05006,2026-07-24,1,Trade,Confirmed,1690,Simulated booking
BK-TC-05007-001,TC-05007,2026-07-28,1,Retail,Confirmed,1690,Simulated booking
BK-TC-05007-002,TC-05007,2026-09-30,1,Online,Confirmed,1690,Simulated booking
BK-TC-05007-003,TC-05007,2026-07-30,1,Trade,Confirmed,1690,Simulated booking
BK-TC-05007-004,TC-05007,2026-08-20,1,Trade,Confirmed,1690,Simulated booking
BK-TC-05007-005,TC-05007,2026-09-25,1,Trade,Confirmed,1690,Simulated booking
BK-TC-05007-006,TC-05007,2026-09-13,1,Online,Confirmed,1690,Simulated booking
BK-TC-05007-007,TC-05007,2026-10-04,1,Trade,Confirmed,1690,Simulated booking
BK-TC-05007-008,TC-05007,2026-09-19,1,Retail,Confirmed,1690,Simulated booking
BK-TC-05007-009,TC-05007,2026-08-28,1,Online,Confirmed,1690,Simulated booking
BK-TC-05007-010,TC-05007,2026-08-01,1,Retail,Confirmed,1690,Simulated booking
BK-TC-05007-011,TC-05007,2026-08-17,1,Trade,Confirmed,1690,Simulated booking
BK-TC-05007-012,TC-05007,2026-09-02,1,Trade,Confirmed,1690,Simulated booking
BK-TC-05008-001,TC-05008,2026-09-15,1,Retail,Confirmed,1690,Simulated booking
BK-TC-05008-002,TC-05008,2026-08-18,1,Online,Confirmed,1690,Simulated booking
BK-TC-05008-003,TC-05008,2026-08-15,1,Online,Confirmed,1690,Simulated booking
BK-TC-05008-004,TC-05008,2026-09-11,1,Retail,Confirmed,1690,Simulated booking
BK-TC-05008-005,TC-05008,2026-08-13,1,Retail,Confirmed,1690,Simulated booking
BK-TC-05008-006,TC-05008,2026-08-24,1,Online,Confirmed,1690,Simulated booking
BK-TC-05008-007,TC-05008,2026-09-25,1,Online,Confirmed,1690,Simulated booking
BK-TC-05008-008,TC-05008,2026-09-27,1,Retail,Confirmed,1690,Simulated booking
BK-TC-05008-009,TC-05008,2026-09-23,1,Retail,Confirmed,1690,Simulated booking
BK-TC-05008-010,TC-05008,2026-09-26,1,Retail,Confirmed,1690,Simulated booking
BK-TC-06001-001,TC-06001,2026-05-29,1,Online,Confirmed,1420,Simulated booking
BK-TC-06001-002,TC-06001,2026-06-14,1,Trade,Confirmed,1420,Simulated booking
BK-TC-06001-003,TC-06001,2026-04-20,1,Retail,Confirmed,1420,Simulated booking
BK-TC-06001-004,TC-06001,2026-08-12,1,Retail,Confirmed,1420,Simulated booking
BK-TC-06001-005,TC-06001,2026-08-15,1,Online,Confirmed,1420,Simulated booking
BK-TC-06001-006,TC-06001,2026-07-22,1,Online,Confirmed,1420,Simulated booking
BK-TC-06001-007,TC-06001,2026-05-30,1,Online,Confirmed,1420,Simulated booking
BK-TC-06001-008,TC-06001,2026-07-20,1,Online,Confirmed,1420,Simulated booking
BK-TC-06001-009,TC-06001,2026-09-13,1,Trade,Confirmed,1420,Simulated booking
BK-TC-06001-010,TC-06001,2026-09-25,1,Online,Confirmed,1420,Simulated booking
BK-TC-06001-011,TC-06001,2026-07-28,1,Retail,Confirmed,1420,Simulated booking
BK-TC-06001-012,TC-06001,2026-08-03,1,Trade,Confirmed,1420,Simulated booking
BK-TC-06001-013,TC-06001,2026-06-09,1,Retail,Confirmed,1420,Simulated booking
BK-TC-06001-014,TC-06001,2026-09-26,1,Online,Confirmed,1420,Simulated booking
BK-TC-06001-015,TC-06001,2026-09-16,1,Retail,Confirmed,1420,Simulated booking
BK-TC-06001-016,TC-06001,2026-09-11,1,Retail,Confirmed,1420,Simulated booking
BK-TC-06001-017,TC-06001,2026-04-28,1,Online,Confirmed,1420,Simulated booking
BK-TC-06001-018,TC-06001,2026-04-24,1,Online,Confirmed,1420,Simulated booking
BK-TC-06001-019,TC-06001,2026-06-24,1,Online,Confirmed,1420,Simulated booking
BK-TC-06001-020,TC-06001,2026-09-06,1,Retail,Confirmed,1420,Simulated booking
BK-TC-06001-021,TC-06001,2026-06-18,1,Trade,Confirmed,1420,Simulated booking
BK-TC-06001-022,TC-06001,2026-07-18,1,Retail,Confirmed,1420,Simulated booking
BK-TC-06001-023,TC-06001,2026-04-10,1,Online,Confirmed,1420,Simulated booking
BK-TC-06002-001,TC-06002,2026-08-31,1,Retail,Confirmed,1420,Simulated booking
BK-TC-06002-002,TC-06002,2026-08-21,1,Online,Confirmed,1420,Simulated booking
BK-TC-06002-003,TC-06002,2026-09-22,1,Online,Confirmed,1420,Simulated booking
BK-TC-06002-004,TC-06002,2026-06-01,1,Retail,Confirmed,1420,Simulated booking
BK-TC-06002-005,TC-06002,2026-05-08,1,Retail,Confirmed,1420,Simulated booking
BK-TC-06002-006,TC-06002,2026-07-06,1,Retail,Confirmed,1420,Simulated booking
BK-TC-06002-007,TC-06002,2026-09-15,1,Online,Confirmed,1420,Simulated booking
BK-TC-06002-008,TC-06002,2026-06-11,1,Online,Confirmed,1420,Simulated booking
BK-TC-06002-009,TC-06002,2026-09-21,1,Retail,Confirmed,1420,Simulated booking
BK-TC-06002-010,TC-06002,2026-07-18,1,Trade,Confirmed,1420,Simulated booking
BK-TC-06002-011,TC-06002,2026-09-17,1,Online,Confirmed,1420,Simulated booking
BK-TC-06002-012,TC-06002,2026-05-01,1,Retail,Confirmed,1420,Simulated booking
BK-TC-06002-013,TC-06002,2026-05-27,1,Trade,Confirmed,1420,Simulated booking
BK-TC-06002-014,TC-06002,2026-05-18,1,Online,Confirmed,1420,Simulated booking
BK-TC-06002-015,TC-06002,2026-06-29,1,Trade,Confirmed,1420,Simulated booking
BK-TC-06002-016,TC-06002,2026-05-08,1,Online,Confirmed,1420,Simulated booking
BK-TC-06002-017,TC-06002,2026-07-29,1,Retail,Confirmed,1420,Simulated booking
BK-TC-06002-018,TC-06002,2026-07-23,1,Online,Confirmed,1420,Simulated booking
BK-TC-06002-019,TC-06002,2026-06-13,1,Online,Confirmed,1420,Simulated booking
BK-TC-06003-001,TC-06003,2026-06-03,1,Retail,Confirmed,1420,Simulated booking
BK-TC-06003-002,TC-06003,2026-06-02,1,Trade,Confirmed,1420,Simulated booking
BK-TC-06003-003,TC-06003,2026-08-05,1,Online,Confirmed,1420,Simulated booking
BK-TC-06003-004,TC-06003,2026-05-27,1,Retail,Confirmed,1420,Simulated booking
BK-TC-06003-005,TC-06003,2026-08-09,1,Trade,Confirmed,1420,Simulated booking
BK-TC-06003-006,TC-06003,2026-05-21,1,Trade,Confirmed,1420,Simulated booking
BK-TC-06003-007,TC-06003,2026-08-09,1,Retail,Confirmed,1420,Simulated booking
BK-TC-06003-008,TC-06003,2026-06-04,1,Retail,Confirmed,1420,Simulated booking
BK-TC-06003-009,TC-06003,2026-07-29,1,Retail,Confirmed,1420,Simulated booking
BK-TC-06003-010,TC-06003,2026-06-12,1,Trade,Confirmed,1420,Simulated booking
BK-TC-06003-011,TC-06003,2026-08-08,1,Online,Confirmed,1420,Simulated booking
BK-TC-06003-012,TC-06003,2026-06-19,1,Online,Confirmed,1420,Simulated booking
BK-TC-06003-013,TC-06003,2026-09-18,1,Trade,Confirmed,1420,Simulated booking
BK-TC-06003-014,TC-06003,2026-07-10,1,Online,Confirmed,1420,Simulated booking
BK-TC-06003-015,TC-06003,2026-08-22,1,Trade,Confirmed,1420,Simulated booking
BK-TC-06003-016,TC-06003,2026-10-04,1,Retail,Confirmed,1420,Simulated booking
BK-TC-06003-017,TC-06003,2026-07-07,1,Trade,Confirmed,1420,Simulated booking
BK-TC-06003-018,TC-06003,2026-07-31,1,Retail,Confirmed,1420,Simulated booking
BK-TC-06003-019,TC-06003,2026-09-08,1,Online,Confirmed,1420,Simulated booking
BK-TC-06003-020,TC-06003,2026-07-14,1,Trade,Confirmed,1420,Simulated booking
BK-TC-06004-001,TC-06004,2026-09-13,1,Online,Confirmed,1420,Simulated booking
BK-TC-06004-002,TC-06004,2026-07-18,1,Retail,Confirmed,1420,Simulated booking
BK-TC-06004-003,TC-06004,2026-08-01,1,Retail,Confirmed,1420,Simulated booking
BK-TC-06004-004,TC-06004,2026-07-04,1,Retail,Confirmed,1420,Simulated booking
BK-TC-06004-005,TC-06004,2026-06-24,1,Trade,Confirmed,1420,Simulated booking
BK-TC-06004-006,TC-06004,2026-07-24,1,Trade,Confirmed,1420,Simulated booking
BK-TC-06004-007,TC-06004,2026-07-30,1,Trade,Confirmed,1420,Simulated booking
BK-TC-06004-008,TC-06004,2026-08-27,1,Retail,Confirmed,1420,Simulated booking
BK-TC-06004-009,TC-06004,2026-08-09,1,Retail,Confirmed,1420,Simulated booking
BK-TC-06004-010,TC-06004,2026-08-04,1,Trade,Confirmed,1420,Simulated booking
BK-TC-06004-011,TC-06004,2026-07-25,1,Online,Confirmed,1420,Simulated booking
BK-TC-06005-001,TC-06005,2026-09-07,1,Trade,Confirmed,1420,Simulated booking
BK-TC-06005-002,TC-06005,2026-06-24,1,Online,Confirmed,1420,Simulated booking
BK-TC-06005-003,TC-06005,2026-09-02,1,Online,Confirmed,1420,Simulated booking
BK-TC-06005-004,TC-06005,2026-08-22,1,Online,Confirmed,1420,Simulated booking
BK-TC-06005-005,TC-06005,2026-07-16,1,Trade,Confirmed,1420,Simulated booking
BK-TC-06005-006,TC-06005,2026-09-10,1,Online,Confirmed,1420,Simulated booking
BK-TC-06005-007,TC-06005,2026-09-18,1,Online,Confirmed,1420,Simulated booking
BK-TC-06005-008,TC-06005,2026-09-20,1,Online,Confirmed,1420,Simulated booking
BK-TC-06005-009,TC-06005,2026-08-11,1,Retail,Confirmed,1420,Simulated booking
BK-TC-06005-010,TC-06005,2026-07-30,1,Retail,Confirmed,1420,Simulated booking
BK-TC-06005-011,TC-06005,2026-09-16,1,Trade,Confirmed,1420,Simulated booking
BK-TC-06005-012,TC-06005,2026-09-17,1,Trade,Confirmed,1420,Simulated booking
BK-TC-06006-001,TC-06006,2026-08-24,1,Trade,Confirmed,1420,Simulated booking
BK-TC-06006-002,TC-06006,2026-09-20,1,Retail,Confirmed,1420,Simulated booking
BK-TC-06006-003,TC-06006,2026-07-13,1,Online,Confirmed,1420,Simulated booking
BK-TC-06006-004,TC-06006,2026-07-15,1,Retail,Confirmed,1420,Simulated booking
BK-TC-06006-005,TC-06006,2026-09-11,1,Retail,Confirmed,1420,Simulated booking
BK-TC-06006-006,TC-06006,2026-09-08,1,Retail,Confirmed,1420,Simulated booking
BK-TC-06006-007,TC-06006,2026-08-13,1,Trade,Confirmed,1420,Simulated booking
BK-TC-06006-008,TC-06006,2026-07-14,1,Online,Confirmed,1420,Simulated booking
BK-TC-06006-009,TC-06006,2026-07-21,1,Online,Confirmed,1420,Simulated booking
BK-TC-06006-010,TC-06006,2026-09-26,1,Trade,Confirmed,1420,Simulated booking
BK-TC-06006-011,TC-06006,2026-07-17,1,Retail,Confirmed,1420,Simulated booking
BK-TC-06007-001,TC-06007,2026-08-01,1,Retail,Confirmed,1420,Simulated booking
BK-TC-06007-002,TC-06007,2026-07-25,1,Retail,Confirmed,1420,Simulated booking
BK-TC-06007-003,TC-06007,2026-09-03,1,Retail,Confirmed,1420,Simulated booking
BK-TC-06007-004,TC-06007,2026-08-15,1,Retail,Confirmed,1420,Simulated booking
BK-TC-06007-005,TC-06007,2026-09-09,1,Trade,Confirmed,1420,Simulated booking
BK-TC-06007-006,TC-06007,2026-08-04,1,Online,Confirmed,1420,Simulated booking
BK-TC-06007-007,TC-06007,2026-07-31,1,Trade,Confirmed,1420,Simulated booking
BK-TC-06007-008,TC-06007,2026-07-31,1,Trade,Confirmed,1420,Simulated booking
BK-TC-06007-009,TC-06007,2026-09-06,1,Trade,Confirmed,1420,Simulated booking
BK-TC-06007-010,TC-06007,2026-08-29,1,Trade,Confirmed,1420,Simulated booking
BK-TC-06007-011,TC-06007,2026-09-21,1,Retail,Confirmed,1420,Simulated booking
BK-TC-06007-012,TC-06007,2026-08-15,1,Online,Confirmed,1420,Simulated booking
BK-TC-06008-001,TC-06008,2026-10-01,1,Retail,Confirmed,1420,Simulated booking
BK-TC-06008-002,TC-06008,2026-09-14,1,Trade,Confirmed,1420,Simulated booking
BK-TC-06008-003,TC-06008,2026-09-02,1,Trade,Confirmed,1420,Simulated booking
BK-TC-06008-004,TC-06008,2026-08-25,1,Retail,Confirmed,1420,Simulated booking
BK-TC-06008-005,TC-06008,2026-09-08,1,Trade,Confirmed,1420,Simulated booking
BK-TC-06008-006,TC-06008,2026-08-19,1,Online,Confirmed,1420,Simulated booking
BK-TC-01001-001,TC-01001,2026-04-07,1,Retail,Confirmed,990,Simulated booking
BK-ORPHAN-001,TC-MISSING,2026-09-29,1,Trade,Confirmed,990,Simulated booking
BK-FUTURE-001,TC-01001,2026-10-12,1,Online,Confirmed,990,Simulated booking
