route,month,actual,forecast,baseline,absoluteError,trendForecast,split
BNE-AKL,2025-01,42780,38086,38086,4694,43326,validation
BNE-AKL,2025-02,33701,34835,34835,1134,39284,validation
BNE-AKL,2025-03,32476,36502,36502,4026,39945,validation
BNE-AKL,2025-04,38429,36176,36176,2253,38122,validation
BNE-AKL,2025-05,35910,33632,33632,2278,34931,validation
BNE-AKL,2025-06,35713,36505,36505,792,37885,validation
BNE-AKL,2025-07,40743,38641,38641,2102,39212,validation
BNE-AKL,2025-08,37038,36913,36913,125,37035,validation
BNE-AKL,2025-09,41216,39596,39596,1620,39964,validation
BNE-AKL,2025-10,43488,44751,44751,1263,46295,validation
BNE-AKL,2025-11,39865,41074,41074,1209,41872,validation
BNE-AKL,2025-12,46879,44883,44883,1996,45028,validation
BNE-AKL,2026-01,42531,42780,42780,249,43390,holdout
BNE-AKL,2026-02,35105,33701,33701,1404,33843,holdout
BNE-AKL,2026-03,36999,32476,32476,4523,32820,holdout
BNE-AKL,2026-04,38388,38429,38429,41,39466,holdout
BNE-AKL,2026-05,33132,35910,35910,2778,37042,holdout
BNE-AKL,2026-06,32215,35713,35713,3498,36553,holdout
SYD-TYO,2025-01,34935,30921,30921,4014,37105,validation
SYD-TYO,2025-02,31216,29060,29060,2156,34872,validation
SYD-TYO,2025-03,35405,33895,33895,1510,40674,validation
SYD-TYO,2025-04,32183,29746,29746,2437,35010,validation
SYD-TYO,2025-05,30808,30189,30189,619,34073,validation
SYD-TYO,2025-06,26197,27889,27889,1692,30033,validation
SYD-TYO,2025-07,23952,23003,23003,949,24116,validation
SYD-TYO,2025-08,32008,30772,30772,1236,31807,validation
SYD-TYO,2025-09,34628,34303,34303,325,35262,validation
SYD-TYO,2025-10,35466,32680,32680,2786,33403,validation
SYD-TYO,2025-11,35540,33576,33576,1964,34337,validation
SYD-TYO,2025-12,37651,37282,37282,369,38363,validation
SYD-TYO,2026-01,34928,34935,34935,7,36359,holdout
SYD-TYO,2026-02,31687,31216,31216,471,32273,holdout
SYD-TYO,2026-03,38274,35405,35405,2869,36455,holdout
SYD-TYO,2026-04,30527,32183,32183,1656,33522,holdout
SYD-TYO,2026-05,33434,30808,30808,2626,31387,holdout
SYD-TYO,2026-06,28435,26197,26197,2238,26807,holdout
BNE-TYO,2025-01,17168,15715,15715,1453,18858,validation
BNE-TYO,2025-02,14997,14665,14665,332,17598,validation
BNE-TYO,2025-03,16036,16865,16865,829,20238,validation
BNE-TYO,2025-04,15936,12469,12469,3467,14963,validation
BNE-TYO,2025-05,14314,12321,12321,1993,14102,validation
BNE-TYO,2025-06,13582,14317,14317,735,15530,validation
BNE-TYO,2025-07,10661,9331,9331,1330,10038,validation
BNE-TYO,2025-08,16292,15004,15004,1288,16266,validation
BNE-TYO,2025-09,16273,15860,15860,413,17361,validation
BNE-TYO,2025-10,15702,14998,14998,704,16605,validation
BNE-TYO,2025-11,15977,16217,16217,240,17330,validation
BNE-TYO,2025-12,17992,18064,18064,72,18772,validation
BNE-TYO,2026-01,16247,17168,17168,921,17977,holdout
BNE-TYO,2026-02,15322,14997,14997,325,15213,holdout
BNE-TYO,2026-03,17770,16036,16036,1734,16095,holdout
BNE-TYO,2026-04,14668,15936,15936,1268,16213,holdout
BNE-TYO,2026-05,15204,14314,14314,890,14261,holdout
BNE-TYO,2026-06,13719,13582,13582,137,13706,holdout
MEL-SGN,2025-01,21970,19292,19292,2678,20429,validation
MEL-SGN,2025-02,15321,14948,14948,373,16350,validation
MEL-SGN,2025-03,18601,18191,18191,410,19925,validation
MEL-SGN,2025-04,19431,15941,15941,3490,17333,validation
MEL-SGN,2025-05,17684,16469,16469,1215,18613,validation
MEL-SGN,2025-06,20272,19529,19529,743,21820,validation
MEL-SGN,2025-07,18992,17824,17824,1168,19360,validation
MEL-SGN,2025-08,17354,16391,16391,963,17603,validation
MEL-SGN,2025-09,18637,19061,19061,424,20578,validation
MEL-SGN,2025-10,18709,16026,16026,2683,17182,validation
MEL-SGN,2025-11,20446,21005,21005,559,22340,validation
MEL-SGN,2025-12,24410,25542,25542,1132,26738,validation
MEL-SGN,2026-01,21395,21970,21970,575,22697,holdout
MEL-SGN,2026-02,18367,15321,15321,3046,15594,holdout
MEL-SGN,2026-03,21466,18601,18601,2865,19366,holdout
MEL-SGN,2026-04,19958,19431,19431,527,20801,holdout
MEL-SGN,2026-05,20718,17684,17684,3034,18518,holdout
MEL-SGN,2026-06,21227,20272,20272,955,21897,holdout
SYD-SEL,2025-01,35603,31721,31721,3882,31641,validation
SYD-SEL,2025-02,32205,31770,31770,435,31516,validation
SYD-SEL,2025-03,33249,32786,32786,463,32866,validation
SYD-SEL,2025-04,29066,28393,28393,673,28942,validation
SYD-SEL,2025-05,25338,28476,28476,3138,29301,validation
SYD-SEL,2025-06,26939,27881,27881,942,28505,validation
SYD-SEL,2025-07,25250,24881,24881,369,25005,validation
SYD-SEL,2025-08,31527,30825,30825,702,30426,validation
SYD-SEL,2025-09,30515,29257,29257,1258,28923,validation
SYD-SEL,2025-10,33462,29085,29085,4377,28893,validation
SYD-SEL,2025-11,37894,31308,31308,6586,31763,validation
SYD-SEL,2025-12,41670,41867,41867,197,44712,validation
SYD-SEL,2026-01,35700,35603,35603,97,38195,holdout
SYD-SEL,2026-02,32779,32205,32205,574,34484,holdout
SYD-SEL,2026-03,41520,33249,33249,8271,35575,holdout
SYD-SEL,2026-04,28923,29066,29066,143,32096,holdout
SYD-SEL,2026-05,30369,25338,25338,5031,27323,holdout
SYD-SEL,2026-06,29347,26939,26939,2408,28996,holdout
MEL-SIN,2025-01,79543,75582,75582,3961,84342,validation
MEL-SIN,2025-02,58864,63072,63072,4208,70010,validation
MEL-SIN,2025-03,65432,73760,73760,8328,79260,validation
MEL-SIN,2025-04,73447,65396,65396,8051,66897,validation
MEL-SIN,2025-05,71556,67613,67613,3943,69449,validation
MEL-SIN,2025-06,74233,81605,81605,7372,83399,validation
MEL-SIN,2025-07,71795,70806,70806,989,70380,validation
MEL-SIN,2025-08,70683,73210,73210,2527,72300,validation
MEL-SIN,2025-09,73626,78000,78000,4374,77449,validation
MEL-SIN,2025-10,66850,66321,66321,529,66481,validation
MEL-SIN,2025-11,71878,76134,76134,4256,74857,validation
MEL-SIN,2025-12,83895,91078,91078,7183,87816,validation
MEL-SIN,2026-01,75537,79543,79543,4006,76846,holdout
MEL-SIN,2026-02,58911,58864,58864,47,56237,holdout
MEL-SIN,2026-03,71891,65432,65432,6459,62897,holdout
MEL-SIN,2026-04,70831,73447,73447,2616,72497,holdout
MEL-SIN,2026-05,71004,71556,71556,552,70110,holdout
MEL-SIN,2026-06,81149,74233,74233,6916,73329,holdout
