route,month,inbound,outbound,total,source
BNE-AKL,2023-01,30250,26291,56541,BITRE actual
BNE-TYO,2023-01,3629,2770,6399,BITRE actual
MEL-SGN,2023-01,16375,14462,30837,BITRE actual
MEL-SIN,2023-01,71299,64801,136100,BITRE actual
SYD-SEL,2023-01,34252,27119,61371,BITRE actual
SYD-TYO,2023-01,22952,19929,42881,BITRE actual
BNE-AKL,2023-02,21892,21581,43473,BITRE actual
BNE-TYO,2023-02,3355,2668,6023,BITRE actual
MEL-SGN,2023-02,12449,9190,21639,BITRE actual
MEL-SIN,2023-02,63359,49917,113276,BITRE actual
SYD-SEL,2023-02,30974,23016,53990,BITRE actual
SYD-TYO,2023-02,21615,17606,39221,BITRE actual
BNE-AKL,2023-03,28256,26439,54695,BITRE actual
BNE-TYO,2023-03,3230,3491,6721,BITRE actual
MEL-SGN,2023-03,12744,11717,24461,BITRE actual
MEL-SIN,2023-03,64955,60612,125567,BITRE actual
SYD-SEL,2023-03,24615,28271,52886,BITRE actual
SYD-TYO,2023-03,19382,23424,42806,BITRE actual
BNE-AKL,2023-04,30967,29369,60336,BITRE actual
BNE-TYO,2023-04,3161,2951,6112,BITRE actual
MEL-SGN,2023-04,16438,14922,31360,BITRE actual
MEL-SIN,2023-04,62123,63331,125454,BITRE actual
SYD-SEL,2023-04,25123,25122,50245,BITRE actual
SYD-TYO,2023-04,21020,20087,41107,BITRE actual
BNE-AKL,2023-05,30010,28322,58332,BITRE actual
BNE-TYO,2023-05,2789,2983,5772,BITRE actual
MEL-SGN,2023-05,15700,15973,31673,BITRE actual
MEL-SIN,2023-05,62911,65586,128497,BITRE actual
SYD-SEL,2023-05,23350,23082,46432,BITRE actual
SYD-TYO,2023-05,17393,19218,36611,BITRE actual
BNE-AKL,2023-06,30169,30323,60492,BITRE actual
BNE-TYO,2023-06,2841,3229,6070,BITRE actual
MEL-SGN,2023-06,16489,18540,35029,BITRE actual
MEL-SIN,2023-06,64403,71904,136307,BITRE actual
SYD-SEL,2023-06,22839,26230,49069,BITRE actual
SYD-TYO,2023-06,15748,20681,36429,BITRE actual
BNE-AKL,2023-07,33515,32675,66190,BITRE actual
BNE-TYO,2023-07,3629,2333,5962,BITRE actual
MEL-SGN,2023-07,21633,19172,40805,BITRE actual
MEL-SIN,2023-07,77423,65093,142516,BITRE actual
SYD-SEL,2023-07,30003,21539,51542,BITRE actual
SYD-TYO,2023-07,25116,18024,43140,BITRE actual
BNE-AKL,2023-08,31974,31612,63586,BITRE actual
BNE-TYO,2023-08,2982,3391,6373,BITRE actual
MEL-SGN,2023-08,18157,16141,34298,BITRE actual
MEL-SIN,2023-08,66313,63887,130200,BITRE actual
SYD-SEL,2023-08,31168,32407,63575,BITRE actual
SYD-TYO,2023-08,20798,22352,43150,BITRE actual
BNE-AKL,2023-09,34607,34952,69559,BITRE actual
BNE-TYO,2023-09,2827,3447,6274,BITRE actual
MEL-SGN,2023-09,18638,17805,36443,BITRE actual
MEL-SIN,2023-09,68813,65173,133986,BITRE actual
SYD-SEL,2023-09,31384,32054,63438,BITRE actual
SYD-TYO,2023-09,20160,25138,45298,BITRE actual
BNE-AKL,2023-10,35097,38799,73896,BITRE actual
BNE-TYO,2023-10,4185,3303,7488,BITRE actual
MEL-SGN,2023-10,20321,16660,36981,BITRE actual
MEL-SIN,2023-10,72998,60408,133406,BITRE actual
SYD-SEL,2023-10,33534,30112,63646,BITRE actual
SYD-TYO,2023-10,26818,23824,50642,BITRE actual
BNE-AKL,2023-11,34238,38292,72530,BITRE actual
BNE-TYO,2023-11,10264,10666,20930,BITRE actual
MEL-SGN,2023-11,16740,18248,34988,BITRE actual
MEL-SIN,2023-11,70601,69893,140494,BITRE actual
SYD-SEL,2023-11,33706,33689,67395,BITRE actual
SYD-TYO,2023-11,24297,25223,49520,BITRE actual
BNE-AKL,2023-12,37346,40205,77551,BITRE actual
BNE-TYO,2023-12,15426,18016,33442,BITRE actual
MEL-SGN,2023-12,22352,20855,43207,BITRE actual
MEL-SIN,2023-12,71702,84510,156212,BITRE actual
SYD-SEL,2023-12,33540,39109,72649,BITRE actual
SYD-TYO,2023-12,25948,33580,59528,BITRE actual
BNE-AKL,2024-01,39726,38086,77812,BITRE actual
BNE-TYO,2024-01,17612,15715,33327,BITRE actual
MEL-SGN,2024-01,24661,19292,43953,BITRE actual
MEL-SIN,2024-01,84980,75582,160562,BITRE actual
SYD-SEL,2024-01,38216,31721,69937,BITRE actual
SYD-TYO,2024-01,32878,30921,63799,BITRE actual
BNE-AKL,2024-02,31634,34835,66469,BITRE actual
BNE-TYO,2024-02,16508,14665,31173,BITRE actual
MEL-SGN,2024-02,22366,14948,37314,BITRE actual
MEL-SIN,2024-02,78531,63072,141603,BITRE actual
SYD-SEL,2024-02,34528,31770,66298,BITRE actual
SYD-TYO,2024-02,31986,29060,61046,BITRE actual
BNE-AKL,2024-03,37559,36502,74061,BITRE actual
BNE-TYO,2024-03,16306,16865,33171,BITRE actual
MEL-SGN,2024-03,19700,18191,37891,BITRE actual
MEL-SIN,2024-03,71784,73760,145544,BITRE actual
SYD-SEL,2024-03,25386,32786,58172,BITRE actual
SYD-TYO,2024-03,29336,33895,63231,BITRE actual
BNE-AKL,2024-04,40033,36176,76209,BITRE actual
BNE-TYO,2024-04,14027,12469,26496,BITRE actual
MEL-SGN,2024-04,20175,15941,36116,BITRE actual
MEL-SIN,2024-04,67029,65396,132425,BITRE actual
SYD-SEL,2024-04,27858,28393,56251,BITRE actual
SYD-TYO,2024-04,30900,29746,60646,BITRE actual
BNE-AKL,2024-05,35157,33632,68789,BITRE actual
BNE-TYO,2024-05,12754,12321,25075,BITRE actual
MEL-SGN,2024-05,16239,16469,32708,BITRE actual
MEL-SIN,2024-05,64515,67613,132128,BITRE actual
SYD-SEL,2024-05,28318,28476,56794,BITRE actual
SYD-TYO,2024-05,28132,30189,58321,BITRE actual
BNE-AKL,2024-06,34437,36505,70942,BITRE actual
BNE-TYO,2024-06,13224,14317,27541,BITRE actual
MEL-SGN,2024-06,16558,19529,36087,BITRE actual
MEL-SIN,2024-06,70170,81605,151775,BITRE actual
SYD-SEL,2024-06,25592,27881,53473,BITRE actual
SYD-TYO,2024-06,24095,27889,51984,BITRE actual
BNE-AKL,2024-07,40112,38641,78753,BITRE actual
BNE-TYO,2024-07,16308,9331,25639,BITRE actual
MEL-SGN,2024-07,21784,17824,39608,BITRE actual
MEL-SIN,2024-07,81900,70806,152706,BITRE actual
SYD-SEL,2024-07,30556,24881,55437,BITRE actual
SYD-TYO,2024-07,32035,23003,55038,BITRE actual
BNE-AKL,2024-08,35538,36913,72451,BITRE actual
BNE-TYO,2024-08,12958,15004,27962,BITRE actual
MEL-SGN,2024-08,17861,16391,34252,BITRE actual
MEL-SIN,2024-08,72547,73210,145757,BITRE actual
SYD-SEL,2024-08,28253,30825,59078,BITRE actual
SYD-TYO,2024-08,26730,30772,57502,BITRE actual
BNE-AKL,2024-09,39250,39596,78846,BITRE actual
BNE-TYO,2024-09,13690,15860,29550,BITRE actual
MEL-SGN,2024-09,16853,19061,35914,BITRE actual
MEL-SIN,2024-09,75260,78000,153260,BITRE actual
SYD-SEL,2024-09,27680,29257,56937,BITRE actual
SYD-TYO,2024-09,27865,34303,62168,BITRE actual
BNE-AKL,2024-10,40302,44751,85053,BITRE actual
BNE-TYO,2024-10,16002,14998,31000,BITRE actual
MEL-SGN,2024-10,21047,16026,37073,BITRE actual
MEL-SIN,2024-10,80937,66321,147258,BITRE actual
SYD-SEL,2024-10,31112,29085,60197,BITRE actual
SYD-TYO,2024-10,35675,32680,68355,BITRE actual
BNE-AKL,2024-11,38658,41074,79732,BITRE actual
BNE-TYO,2024-11,15650,16217,31867,BITRE actual
MEL-SGN,2024-11,18857,21005,39862,BITRE actual
MEL-SIN,2024-11,74772,76134,150906,BITRE actual
SYD-SEL,2024-11,32318,31308,63626,BITRE actual
SYD-TYO,2024-11,33125,33576,66701,BITRE actual
BNE-AKL,2024-12,41103,44883,85986,BITRE actual
BNE-TYO,2024-12,16232,18064,34296,BITRE actual
MEL-SGN,2024-12,18833,25542,44375,BITRE actual
MEL-SIN,2024-12,74033,91078,165111,BITRE actual
SYD-SEL,2024-12,35928,41867,77795,BITRE actual
SYD-TYO,2024-12,30709,37282,67991,BITRE actual
BNE-AKL,2025-01,44924,42780,87704,BITRE actual
BNE-TYO,2025-01,18307,17168,35475,BITRE actual
MEL-SGN,2025-01,25867,21970,47837,BITRE actual
MEL-SIN,2025-01,90926,79543,170469,BITRE actual
SYD-SEL,2025-01,41728,35603,77331,BITRE actual
SYD-TYO,2025-01,37754,34935,72689,BITRE actual
BNE-AKL,2025-02,32753,33701,66454,BITRE actual
BNE-TYO,2025-02,16803,14997,31800,BITRE actual
MEL-SGN,2025-02,23708,15321,39029,BITRE actual
MEL-SIN,2025-02,76563,58864,135427,BITRE actual
SYD-SEL,2025-02,37242,32205,69447,BITRE actual
SYD-TYO,2025-02,35130,31216,66346,BITRE actual
BNE-AKL,2025-03,34907,32476,67383,BITRE actual
BNE-TYO,2025-03,15943,16036,31979,BITRE actual
MEL-SGN,2025-03,21213,18601,39814,BITRE actual
MEL-SIN,2025-03,70542,65432,135974,BITRE actual
SYD-SEL,2025-03,27133,33249,60382,BITRE actual
SYD-TYO,2025-03,33955,35405,69360,BITRE actual
BNE-AKL,2025-04,40186,38429,78615,BITRE actual
BNE-TYO,2025-04,15568,15936,31504,BITRE actual
MEL-SGN,2025-04,19984,19431,39415,BITRE actual
MEL-SIN,2025-04,68953,73447,142400,BITRE actual
SYD-SEL,2025-04,27253,29066,56319,BITRE actual
SYD-TYO,2025-04,30798,32183,62981,BITRE actual
BNE-AKL,2025-05,38921,35910,74831,BITRE actual
BNE-TYO,2025-05,15380,14314,29694,BITRE actual
MEL-SGN,2025-05,18374,17684,36058,BITRE actual
MEL-SIN,2025-05,68479,71556,140035,BITRE actual
SYD-SEL,2025-05,24648,25338,49986,BITRE actual
SYD-TYO,2025-05,30730,30808,61538,BITRE actual
BNE-AKL,2025-06,35740,35713,71453,BITRE actual
BNE-TYO,2025-06,13860,13582,27442,BITRE actual
MEL-SGN,2025-06,17395,20272,37667,BITRE actual
MEL-SIN,2025-06,68455,74233,142688,BITRE actual
SYD-SEL,2025-06,25197,26939,52136,BITRE actual
SYD-TYO,2025-06,23236,26197,49433,BITRE actual
BNE-AKL,2025-07,39102,40743,79845,BITRE actual
BNE-TYO,2025-07,17095,10661,27756,BITRE actual
MEL-SGN,2025-07,22592,18992,41584,BITRE actual
MEL-SIN,2025-07,75808,71795,147603,BITRE actual
SYD-SEL,2025-07,31846,25250,57096,BITRE actual
SYD-TYO,2025-07,32407,23952,56359,BITRE actual
BNE-AKL,2025-08,36432,37038,73470,BITRE actual
BNE-TYO,2025-08,14516,16292,30808,BITRE actual
MEL-SGN,2025-08,19600,17354,36954,BITRE actual
MEL-SIN,2025-08,70182,70683,140865,BITRE actual
SYD-SEL,2025-08,30730,31527,62257,BITRE actual
SYD-TYO,2025-08,28312,32008,60320,BITRE actual
BNE-AKL,2025-09,39855,41216,81071,BITRE actual
BNE-TYO,2025-09,13577,16273,29850,BITRE actual
MEL-SGN,2025-09,17196,18637,35833,BITRE actual
MEL-SIN,2025-09,71050,73626,144676,BITRE actual
SYD-SEL,2025-09,28836,30515,59351,BITRE actual
SYD-TYO,2025-09,27802,34628,62430,BITRE actual
BNE-AKL,2025-10,40154,43488,83642,BITRE actual
BNE-TYO,2025-10,17335,15702,33037,BITRE actual
MEL-SGN,2025-10,20391,18709,39100,BITRE actual
MEL-SIN,2025-10,76326,66850,143176,BITRE actual
SYD-SEL,2025-10,35346,33462,68808,BITRE actual
SYD-TYO,2025-10,37731,35466,73197,BITRE actual
BNE-AKL,2025-11,37159,39865,77024,BITRE actual
BNE-TYO,2025-11,16089,15977,32066,BITRE actual
MEL-SGN,2025-11,19343,20446,39789,BITRE actual
MEL-SIN,2025-11,70707,71878,142585,BITRE actual
SYD-SEL,2025-11,39149,37894,77043,BITRE actual
SYD-TYO,2025-11,36009,35540,71549,BITRE actual
BNE-AKL,2025-12,42605,46879,89484,BITRE actual
BNE-TYO,2025-12,16333,17992,34325,BITRE actual
MEL-SGN,2025-12,20520,24410,44930,BITRE actual
MEL-SIN,2025-12,72092,83895,155987,BITRE actual
SYD-SEL,2025-12,35455,41670,77125,BITRE actual
SYD-TYO,2025-12,31353,37651,69004,BITRE actual
BNE-AKL,2026-01,45252,42531,87783,BITRE actual
BNE-TYO,2026-01,17745,16247,33992,BITRE actual
MEL-SGN,2026-01,24671,21395,46066,BITRE actual
MEL-SIN,2026-01,84209,75537,159746,BITRE actual
SYD-SEL,2026-01,41691,35700,77391,BITRE actual
SYD-TYO,2026-01,38061,34928,72989,BITRE actual
BNE-AKL,2026-02,32963,35105,68068,BITRE actual
BNE-TYO,2026-02,16953,15322,32275,BITRE actual
MEL-SGN,2026-02,21145,18367,39512,BITRE actual
MEL-SIN,2026-02,72686,58911,131597,BITRE actual
SYD-SEL,2026-02,37071,32779,69850,BITRE actual
SYD-TYO,2026-02,34911,31687,66598,BITRE actual
BNE-AKL,2026-03,40816,36999,77815,BITRE actual
BNE-TYO,2026-03,17215,17770,34985,BITRE actual
MEL-SGN,2026-03,22660,21466,44126,BITRE actual
MEL-SIN,2026-03,70500,71891,142391,BITRE actual
SYD-SEL,2026-03,31592,41520,73112,BITRE actual
SYD-TYO,2026-03,34714,38274,72988,BITRE actual
BNE-AKL,2026-04,38667,38388,77055,BITRE actual
BNE-TYO,2026-04,16386,14668,31054,BITRE actual
MEL-SGN,2026-04,21125,19958,41083,BITRE actual
MEL-SIN,2026-04,70828,70831,141659,BITRE actual
SYD-SEL,2026-04,30336,28923,59259,BITRE actual
SYD-TYO,2026-04,33199,30527,63726,BITRE actual
BNE-AKL,2026-05,36234,33132,69366,BITRE actual
BNE-TYO,2026-05,15878,15204,31082,BITRE actual
MEL-SGN,2026-05,19381,20718,40099,BITRE actual
MEL-SIN,2026-05,67659,71004,138663,BITRE actual
SYD-SEL,2026-05,27788,30369,58157,BITRE actual
SYD-TYO,2026-05,29755,33434,63189,BITRE actual
BNE-AKL,2026-06,28898,32215,61113,BITRE actual
BNE-TYO,2026-06,13638,13719,27357,BITRE actual
MEL-SGN,2026-06,18235,21227,39462,BITRE actual
MEL-SIN,2026-06,68947,81149,150096,BITRE actual
SYD-SEL,2026-06,24857,29347,54204,BITRE actual
SYD-TYO,2026-06,25287,28435,53722,BITRE actual
