route,month,forecast,lower,upper,source
BNE-AKL,2026-07,40743,38028,43458,Model estimate
BNE-AKL,2026-08,37038,34570,39506,Model estimate
BNE-AKL,2026-09,41216,38469,43963,Model estimate
BNE-AKL,2026-10,43488,40590,46386,Model estimate
BNE-AKL,2026-11,39865,37208,42522,Model estimate
BNE-AKL,2026-12,46879,43755,50003,Model estimate
BNE-AKL,2027-01,42531,39697,45365,Model estimate
BNE-AKL,2027-02,35105,32766,37444,Model estimate
BNE-AKL,2027-03,36999,34533,39465,Model estimate
BNE-AKL,2027-04,38388,35830,40946,Model estimate
BNE-AKL,2027-05,33132,30924,35340,Model estimate
BNE-AKL,2027-06,32215,30068,34362,Model estimate
SYD-TYO,2026-07,23952,22027,25877,Model estimate
SYD-TYO,2026-08,32008,29435,34581,Model estimate
SYD-TYO,2026-09,34628,31845,37411,Model estimate
SYD-TYO,2026-10,35466,32615,38317,Model estimate
SYD-TYO,2026-11,35540,32683,38397,Model estimate
SYD-TYO,2026-12,37651,34625,40677,Model estimate
SYD-TYO,2027-01,34928,32120,37736,Model estimate
SYD-TYO,2027-02,31687,29140,34234,Model estimate
SYD-TYO,2027-03,38274,35198,41350,Model estimate
SYD-TYO,2027-04,30527,28073,32981,Model estimate
SYD-TYO,2027-05,33434,30747,36121,Model estimate
SYD-TYO,2027-06,28435,26149,30721,Model estimate
BNE-TYO,2026-07,10661,9248,12074,Model estimate
BNE-TYO,2026-08,16292,14133,18451,Model estimate
BNE-TYO,2026-09,16273,14116,18430,Model estimate
BNE-TYO,2026-10,15702,13621,17783,Model estimate
BNE-TYO,2026-11,15977,13860,18094,Model estimate
BNE-TYO,2026-12,17992,15608,20376,Model estimate
BNE-TYO,2027-01,16247,14094,18400,Model estimate
BNE-TYO,2027-02,15322,13292,17352,Model estimate
BNE-TYO,2027-03,17770,15415,20125,Model estimate
BNE-TYO,2027-04,14668,12724,16612,Model estimate
BNE-TYO,2027-05,15204,13189,17219,Model estimate
BNE-TYO,2027-06,13719,11901,15537,Model estimate
MEL-SGN,2026-07,18992,16603,21381,Model estimate
MEL-SGN,2026-08,17354,15171,19537,Model estimate
MEL-SGN,2026-09,18637,16292,20982,Model estimate
MEL-SGN,2026-10,18709,16355,21063,Model estimate
MEL-SGN,2026-11,20446,17874,23018,Model estimate
MEL-SGN,2026-12,24410,21339,27481,Model estimate
MEL-SGN,2027-01,21395,18703,24087,Model estimate
MEL-SGN,2027-02,18367,16056,20678,Model estimate
MEL-SGN,2027-03,21466,18765,24167,Model estimate
MEL-SGN,2027-04,19958,17447,22469,Model estimate
MEL-SGN,2027-05,20718,18112,23324,Model estimate
MEL-SGN,2027-06,21227,18557,23897,Model estimate
SYD-SEL,2026-07,25250,22221,28279,Model estimate
SYD-SEL,2026-08,31527,27746,35308,Model estimate
SYD-SEL,2026-09,30515,26855,34175,Model estimate
SYD-SEL,2026-10,33462,29448,37476,Model estimate
SYD-SEL,2026-11,37894,33349,42439,Model estimate
SYD-SEL,2026-12,41670,36672,46668,Model estimate
SYD-SEL,2027-01,35700,31418,39982,Model estimate
SYD-SEL,2027-02,32779,28847,36711,Model estimate
SYD-SEL,2027-03,41520,36540,46500,Model estimate
SYD-SEL,2027-04,28923,25454,32392,Model estimate
SYD-SEL,2027-05,30369,26726,34012,Model estimate
SYD-SEL,2027-06,29347,25827,32867,Model estimate
MEL-SIN,2026-07,71795,65474,78116,Model estimate
MEL-SIN,2026-08,70683,64460,76906,Model estimate
MEL-SIN,2026-09,73626,67144,80108,Model estimate
MEL-SIN,2026-10,66850,60964,72736,Model estimate
MEL-SIN,2026-11,71878,65550,78206,Model estimate
MEL-SIN,2026-12,83895,76509,91281,Model estimate
MEL-SIN,2027-01,75537,68886,82188,Model estimate
MEL-SIN,2027-02,58911,53724,64098,Model estimate
MEL-SIN,2027-03,71891,65561,78221,Model estimate
MEL-SIN,2027-04,70831,64595,77067,Model estimate
MEL-SIN,2027-05,71004,64753,77255,Model estimate
MEL-SIN,2027-06,81149,74004,88294,Model estimate
