contractId,departure,seats,bookedAtComparableLeadTime,revenue,source
TC-01001,2025-11-18,28,21,20790,Simulated prior-year comparator
TC-01002,2025-12-06,32,19,18810,Simulated prior-year comparator
TC-01003,2025-12-24,36,24,23760,Simulated prior-year comparator
TC-01004,2025-01-11,40,18,17820,Simulated prior-year comparator
TC-01005,2025-01-29,28,15,14850,Simulated prior-year comparator
TC-01006,2025-02-16,32,13,12870,Simulated prior-year comparator
TC-01007,2025-03-06,36,14,13860,Simulated prior-year comparator
TC-01008,2025-03-24,40,11,10890,Simulated prior-year comparator
TC-02001,2025-11-21,32,24,44880,Simulated prior-year comparator
TC-02002,2025-12-09,36,27,50490,Simulated prior-year comparator
TC-02003,2025-12-27,40,28,52360,Simulated prior-year comparator
TC-02004,2025-01-14,28,15,28050,Simulated prior-year comparator
TC-02005,2025-02-01,32,15,28050,Simulated prior-year comparator
TC-02006,2025-02-19,36,14,26180,Simulated prior-year comparator
TC-02007,2025-03-09,40,14,26180,Simulated prior-year comparator
TC-02008,2025-03-27,28,9,16830,Simulated prior-year comparator
TC-03001,2025-11-24,36,17,33830,Simulated prior-year comparator
TC-03002,2025-12-12,40,20,39800,Simulated prior-year comparator
TC-03003,2025-12-30,28,10,19900,Simulated prior-year comparator
TC-03004,2025-01-17,32,11,21890,Simulated prior-year comparator
TC-03005,2025-02-04,36,10,19900,Simulated prior-year comparator
TC-03006,2025-02-22,40,8,15920,Simulated prior-year comparator
TC-03007,2025-03-12,28,5,9950,Simulated prior-year comparator
TC-03008,2025-03-30,32,5,9950,Simulated prior-year comparator
TC-04001,2025-11-27,40,24,30960,Simulated prior-year comparator
TC-04002,2025-12-15,28,16,20640,Simulated prior-year comparator
TC-04003,2025-01-02,32,15,19350,Simulated prior-year comparator
TC-04004,2025-01-20,36,14,18060,Simulated prior-year comparator
TC-04005,2025-02-07,40,12,15480,Simulated prior-year comparator
TC-04006,2025-02-25,28,8,10320,Simulated prior-year comparator
TC-04007,2025-03-15,32,7,9030,Simulated prior-year comparator
TC-04008,2025-04-02,36,7,9030,Simulated prior-year comparator
TC-05001,2025-11-30,28,22,37180,Simulated prior-year comparator
TC-05002,2025-12-18,32,25,42250,Simulated prior-year comparator
TC-05003,2025-01-05,36,22,37180,Simulated prior-year comparator
TC-05004,2025-01-23,40,20,33800,Simulated prior-year comparator
TC-05005,2025-02-10,28,10,16900,Simulated prior-year comparator
TC-05006,2025-02-28,32,12,20280,Simulated prior-year comparator
TC-05007,2025-03-18,36,12,20280,Simulated prior-year comparator
TC-05008,2025-04-05,40,9,15210,Simulated prior-year comparator
TC-06001,2025-12-03,32,24,34080,Simulated prior-year comparator
TC-06002,2025-12-21,36,17,24140,Simulated prior-year comparator
TC-06003,2025-01-08,40,21,29820,Simulated prior-year comparator
TC-06004,2025-01-26,28,9,12780,Simulated prior-year comparator
TC-06005,2025-02-13,32,13,18460,Simulated prior-year comparator
TC-06006,2025-03-03,36,11,15620,Simulated prior-year comparator
TC-06007,2025-03-21,40,10,14200,Simulated prior-year comparator
TC-06008,2025-04-08,28,5,7100,Simulated prior-year comparator
